/*
Navicat SQL Server Data Transfer

Source Server         : sqlserver
Source Server Version : 120000
Source Host           : :1433
Source Database       : ASP.NET_xmsz
Source Schema         : dbo

Target Server Type    : SQL Server
Target Server Version : 120000
File Encoding         : 65001

Date: 2017-01-30 20:20:27
*/


-- ----------------------------
-- Table structure for __MigrationHistory
-- ----------------------------
DROP TABLE [dbo].[__MigrationHistory]
GO
CREATE TABLE [dbo].[__MigrationHistory] (
[MigrationId] nvarchar(150) NOT NULL ,
[ContextKey] nvarchar(300) NOT NULL ,
[Model] varbinary(MAX) NOT NULL ,
[ProductVersion] nvarchar(32) NOT NULL 
)


GO

-- ----------------------------
-- Records of __MigrationHistory
-- ----------------------------
INSERT INTO [dbo].[__MigrationHistory] ([MigrationId], [ContextKey], [Model], [ProductVersion]) VALUES (N'201605271138015_Initial_AutomaticMigration', N'Biz.Migrations.Configuration', 0x1F8B0800000000000400ED5C5B4FE436147EAFD4FF10E5A9AD5802EC4B8B66764587A5425D2E62D855DF90493C43D4C449130741ABFEB23EF427F52FD48E938CAF8993B982D0BE30BE9C737C6E3EB6BFEC7FFFFC3BFAF81447CE23CCF2304163F770FFC07520F2932044F3B15BE0D9BB1FDD8F1FBEFD66F429889F9CAFF5B8F7741C9989F2B1FB80717AEC79B9FF006390EFC7A19F257932C3FB7E127B2048BCA383839FBCC3430F12122EA1E538A39B02E13086E50FF27392201FA6B800D14512C028AFDA49CFB4A4EA5C8218E629F0E1D8FD39FCD3754EA21010D65318CD5C07209460808960C75F7238C55982E6D3943480E8F6398564DC0C4439AC043E5E0CB795FDE088CAEE2D26D6A4FC22C749DC93E0E1FB4A199E3C7D904ADD4659445D9F885AF1335D75A9B2B17B9664459CBB8ECCEA7812657458A9CF7D366ACF217FEF354626BE40FFED399322C24506C708163803D19E735DDC47A1FF2B7CBE4D7E87688C8A28E2A52072903EA181345D67490A33FC7C0367956CE781EB78E23C4F9ED84CE3E630B9CF117E7FE43A978439B88F6063646E8D539C64F017886006300CAE01C6304394062CD5A470977831ADDC8638823553E25C24305CE7023C7D86688E1FC62EF9D375CEC22718D42D95205F5048E2884CC259013582F2CC47DEC272ADF6BC4E72DC654D3AE6CD963A5BDE75B36C2743F24BB63C1592EE30117BDD4EA5619C41A2BD5B92796BDEA7CDEF2E5297E0319C97B6D0AAD6756E605476E70F61CA5273E9897775FF5996C43749543971D57C374D8ACCA7E2246ADF2DC8E610DB4B525AC72C48D52DC9C14CAA158375E9A4B08ED78A677BC09683DE2256E45510A52010AF3DF5EA39A720CF37CF3983733C2838253AD487FBA4A85EDBCFE7D06E0BA2E3DE9C7A35DBD0D0E44B6D6048C05C9736FBF1FD7D1331AB52DA64622334129589D7284FD9BB5442BE8169F4DCE5BEE5A037DF558DFA724B9FD2A42BAE7C8C6E5E32537C7CD1AA3838D7B5BAA2871155AA1EAED92047FFBAE724CF133F2C05E0BDA5CA3CE24A3EA1C069A903995FD4C982B80609B730250146D88EDD1F14C5E8C9D5C273E4EA3428123C74E5C8BC42A73082183A273E3BD34F40EE8340F50BA28B406C21C10C331A4D20228E9E93F41022AC467E88FC300591596C698A65BAA02235C4E59E5398424423DDAC7B1BAEDC06A6326F78487AEA52CBC8E3FCC7C2AD984BB7BA81E4DE4B3A9518101CB52AB876D2A504A137E55182DE6D982E4ED45BF327BE486A73036DC5247A16AB8DFB7997AED07A21694B23FA861C4D638B9792BE16F56FA75788B5C28A5C4DA8323A32E3C1FEFEA15C01582F96AB824C42E94AA2854455AD6EBF464D19D5B1C0EDC7912AF3064248D5BB0DD3E604B095D8E1CBD97607306EFE031DAADFF6DF236658314DCF44442D30AB167A7AAF399F1256D51135AF4E40B2CC94D41462E9626051AF4BFB89B266713E0B1665366BEE985BA945995CB55B7066C94DCB9D7575D0A80CAD10A8DAA5D99C7544319AAB136E84E66A5B8E86F6134E236BAD64259ADA8F34DC7C832D3D7141B68BADCC6358AB26F0BACAEEDE2B15038D9BAEF79C61EB14EEC4F48B3556845635A1B46C9DC35A1581EB32347701D7B27C75DFB6A851062F5DD8B33BFC66C0B2F90B1975CDA642A5AB54E1E4D42696AEDA645DEB3406B2710BEDDC44072C7565C15C5F3A35FB64D337F2183EA46A18790620C9E802A46988E61CB0A46A71A60C55327937ED8FBE88190DCFCF35208C46DA86134E323087522FBD120DE05998E5F81460700FE805E424889561A42A30EC79350361E357AD536F85F570FA379BB2808068CAC06AF819913DA60564798BACA62665A243C13B200299E6CA7A9244458CCC95AC79B680C9E0C9081D2ABD9127AD43A960150529D5BEA86E2B6318724ABB2974932C0CA19FB64E33DCC9445A8ED7665A8B1B209E94F95EC84CA9795CE009358D3DE87030098114D7BE332E66CAE6ED3EA69D65E1648679EBF1B2050480A7B168ED47893DE9CB9458AB3DA5E6899E27D434DAD3614FF43C11D6B2337ED5D46F43D2976EA2650AD34FDD9D34B62573B0AAABAF2DB4B32C0C6198B71E2B34D74A3C09E35D9399CEAAD23FF7542CC4E7A279F35E2116C7FA48ADCE37FA68AC3A6D238E56F31A332967355511560ED27293C831EE2B93F12A73B0D3B68A435C2B08CB0BCAF39C62081AFC80C54AE5E34E6FA30B273D4DD0D75D5691ADD1ACE60C3750AF6D2F7CBD8CAD3997EE94A94D0BEDB6B572C2958734E9A539E94A27DA5175BAECFE7E42396EB221AE43D6FE1806F4A8397DCE318CF7E980FDE91FD1240ACB0C5A0FB800289CC11C33B8937B747078247D91B13B5F4778791E449AD3B9FA898468B20D20B64254E7E3364C564F9893E69B05F40832FF0164DFC5E0E9FB957E87F09A54762771511E60CE51009FC6EE5FE5AC63E7FCB7BB66E29E739591B838760E9CBF97FEA4C0967B3D6F29E6121CAF8FAB6888295F1704E437EEC6D8F544D3BF0EB793F1EDCBE95EC6AC2F474DC2A15B9A51A5C3E3D04B25AE1885FE3A3C61CB0948C2F5DA32AFA699583390EE1210EDD761DBF52877F3B95D814F0FCE09EBDAEFEC1D6E1858B97E82DD2C344F7C2A1D80641D8449323E06AD05CBF762907B1DE023EE30BE3178F076FCC3F47AB03DF7782130E25D48220C9431084DFA029289E1E56137138A1D1478004A77EB46B70EDC4D9A7C17F0ABCB5B7B4DA9A182F5F447CBEEB47F981EC076D33956525F746483CDDA79639582BDA1375A2AE811DE2AE44BB6564F3037BBC327A7B2FB8498961D885601F4D6D1A53DDD643B30E03AC22B84879BE4A6BDDD2C3AD0E33AE2B42B842AE9F541CB459F6841096B7698D5034F570020173CC60C14DDD8725686131F6E29DECF5B41D5DB4682F7C7FAAF73692B407BF75F949034CC40E96D81BA8744D7F24BEA01DD561FB0C9B6CBFD378164C7CFC3F982047D9347D01736DC66CC399A25F5CE2F49540F91AE252F200601D98D4F321CCE808F49B70FF3BCFCDF29BE82A820433EC5F730384757054E0B4C960CE37B5119B47E68E35FE2D34599475769F9BF36AC620944CC905ECB5EA19F8B300A1AB9CF344F2D0612B430A96EBFA92D31BD059F3F37942E136449A8525F534FDDC2388D08B1FC0A4DC1231C221BF1D7CF700EFCE71A876026D26D0851EDA3D310CC3310E7158DC57CF293F870103F7DF81F932E960F2D530000, N'6.1.3-40302')
GO
GO
INSERT INTO [dbo].[__MigrationHistory] ([MigrationId], [ContextKey], [Model], [ProductVersion]) VALUES (N'201605271138016_Initial', N'Biz.Migrations.Configuration', 0x1F8B0800000000000400ED5B4B6FE33610BE17E87F10746A8BAC95642F6D60EF22EB6C8AA09B07E2ECA2B780916847A844A92215C42DFACB7AE84FEA5FE8502FF329C9EF3458E412919C07673E0E87E4F8DFBFFF19BE7F8E23E70967344CC8C83D1A1CBA0E267E128464367273367DF3A3FBFEDDB7DF0C3F06F1B3F3A51EF7968F034A4247EE2363E989E751FF11C7880EE2D0CF129A4CD9C04F620F0589777C78F8937774E46160E1022FC719DEE68485312E3EE0739C101FA72C47D16512E08856EDD03329B83A5728C634453E1EB91FC23F5CE7340A11889EE068EA3A88908421068A9D7CA678C2B284CC262934A0E86E9E6218374511C595C2278BE17D753F3CE6BA7B0BC29A959F5396C44B323C7A5B19C353C95732A9DB180BCCF511CCCAE67CD685C946EE7992E531751D55D4C938CAF8B0C29E8372D48103FF1F344E062CF0BF03679C472CCFF088E09C65283A706EF28728F47FC1F3BBE4374C46248F22510BD003FAA40668BAC99214676C7E8BA7956E1781EB78329DA7123664024DA9F705616F8F5DE70A84A38708374E16E6386149867FC6046788E1E006318633C279E0C24C9A7445566995BB9045B8160AE08285E13A97E8F9132633F63872E15FD7390F9F7150B7548A7C2621AC232062598E0D8A8AC287DEC273ADFEBC4928EBF2261FF3D597B2AC9D78D106A1FBEE99B6B381B096ADCF05A22C036BEDDE0AE30C83D3EE20E0D7B2CF9AEF2E5657E8299C1510309AD6756E715474D3C7302D77846201DCD7FDE75912DF2651B576AAE6FB4992673E5727D1FBEE5036C3ACBF268577EC8A54DD8A1EA54B8D6A945D262D7A87894A667B9C28067D0D14B2AC1C8C4250BC8758C125A788D2DD4BCEF08CADB438153E1CC3CB84A8DE70BEC56934EF827331E82B9C65594540F9DF6E1C854B37BC6F941994215817C2EECBEE45B05EB46AC15AE8DADC965132D5F60CA1D9A2C7F2BBC629A5891F160A8868A9364E79261F49E0B4ECA2252EEA2D0FA001CB2D4C618181D891FB83661833BB5A79815DBD8BCB0C8F5C75655E93331C61869D53BF3C888D11F551A0E3026C11C82DB09871C657138A00E814C2434898BEF243E287298AEC6A2B243DC30557A961AEF69CE11413BED2EDB6EF2355C84275E18D0CC54E5D66197A027E7AC0AA84742B0C1478AF092A794108DCAAC5F522212529BD2B444976EF2374711ED90B9E84486D4380296C2F1050E513FD016508F51DF0DC3F9E749D778027DDEE7D843659CA1EE1D41E9F8CFBEFDA805A2E441D0E0647EACE6E9964B9E1F3BC0DCC82B36AA2670F861C1A44556934ADB2345567CE6A829972EE5EE414CA56ADCD59A62F178B465D3677D05666D188ABF60EEACA491A75D5AE500B9695956F6E168411868B0715C9ED1954A36B6D206D25B4A74C02BDC50F9E3CA1BE93AD4C6B99AB61D1746DEB4BCF545E2402B9D9EBCBCF534CFCF579DA369BAEED4650D408B0AEFDA5C34E2BCFD3EA506B18EC0C842B4C75634EAD0F374DAC5BBC1D79E5E351FDC8E4595E998697284DE1402BBC3A552DCEA47C721ABF992CFF3413973C3C9F1A5E681A6D1B4970CC4733ACF4F2A37780CFC38C3238F9A207C40FBAE320D6864164B7C4BE5A8014BC75EFD421B11ECEFF2F4916EF4386ADBC1A7E0EBAC73C09286E2BF458A411162F7B284299E16A649C44794CECD9889D5A7AB011D9481D3ABFA1A7CC43CB42340369199B6CEE5ECEB0C494765798887A38C24CB61D37181C60357DBB2BEF55455A4EB2765E8BD38AC8CA7E86B1736A2EC244464DE3127C8407118995D0FE62606ADB11DA716AA4EA01540BDD7690BAB8EC17792C5A97E3545EDEAB9CCAD6FE9C9ACB789151D3D89F4F79192F32295B5E0CAECA5461595C19A97AE0CA42B71D5C35E7599185F5906BE7B3A97823DCA34B805834EF1E1572466780469DA91AFC5F77F57232CF3D4DF6E8BA6BEB858BB69B3041EE722A596F4E56866AAB3200A8202CEE432E287F56699E54FA4C544DCD755F6B19BA3AA4415A93A92B19F9B0CA8EBB8BC3B474B91CE23A30F7A730E0A9F2644E198E077CC060F27B348EC26231D5032E1109A798B2F259D03D3E3C3A56CACD5E4EE997476910194E177AFD97ECB21DBC6C86DCA69D6F972B55D348A53CE40965FE23CABE8BD1F3F71B2DB27A1D265BD95836EBDF2B0A6BF7891724C0CF23F7CF82EAC4B9F8F5BE213C70AE33586227CEA1F3D7DA35507DA5D7746B09575EC0D733A45E0E15C037EB7ED65EB2FCE77520582DC859CFF66A91CD7ADC94C2999E6ED4F98885338511375936F33A60A014B2F45DFD15D9CB59FC5A49CBCAA0D956402C2B75B6574052BF4FECB6CA437E5458A1BA60A53758EBC5E9561EF25F4B318870F0DB59C9C67EF061BB25DB1F3C5E7E69472FFF6C091BD5F3D6F22FFF2B5704EDAC68E395146AF48C1D7A2DC51EFDBCB328D0DFD13B0D03E66A15FDE9D372ADDCB730A5BC0B828CEB2101D796C9CE268A564C7C794F37DB8E7A1613E38D94BA9818F3AE10EBACB75707233BACA576C510FE375F1DB1816A17C99DF66A869D4C6703452DBD543385CDAE7A907DD5AEACE29FF5A7B444858A7ECF0D5155F8A93404741ACE162CF8D53DC1BE144F9B3117649AD4815DD1A81EA29C282F3143701C45A7190BA7C867D0ED634A8B1F7B7C41510E433EC60F38B820D7394B730653C6F1836C0CBE3DB4C92FCA70649D87D769F123884D4C01D40CF989FA9A7CC8C32868F43E375CA35858F07DA7BAB8E0BE64FC0263366F385D25A427A3CA7CCD767987E3340266F49A4CD0135E4537C0EB273C43FEBC7EAEB033E976846CF6E1598866198A69C563410F9F80E1207E7EF71F5364FACD31400000, N'6.1.3-40302')
GO
GO
INSERT INTO [dbo].[__MigrationHistory] ([MigrationId], [ContextKey], [Model], [ProductVersion]) VALUES (N'201606020211134_Initial1', N'Biz.Migrations.Configuration', 0x1F8B0800000000000400ED5BD96EE336147D2FD07F10F4D4169928C9BCB4813D838C931441270BE2CCA06F0123D18E508A52452AB05BF4CBFAD04FEA2FF4523B374B5EE278D2C1BCC424EFC27B0F2F97A3F9F7EF7F06EF6711719E70CAC2980EDDC3FD03D7C1D48F83904E876EC6276F7E74DFBFFBF69BC15910CD9CCFD5B8B7621C485236741F394F8E3D8FF98F38426C3F0AFD3466F184EFFB71E4A120F68E0E0E7EF20E0F3D0C2A5CD0E53883DB8CF230C2F90FF8398AA98F139E2172190798B0B21D7AC6B956E70A459825C8C743F743F887EB9C901081E9312613D74194C61C7170ECF813C3639EC6743A4EA00191BB798261DC0411864B878F9BE17D7D3F3812BE7B8D60A5CACF188FA325151EBE2D83E1A9E22B85D4AD8305E13A83B0F2B998751EB2A17B1EA759C45C4735753C22A91896C773BF18B5E7C0DF7B7592010BE2DF9E33CA08CF523CA438E329227BCE4DF64042FF173CBF8B7FC374483342DA5E801FD0273540D34D1A2738E5F35B3C297DBB085CC793E53C55B0166BC9147E5F50FEF6C875AEC0387A20B84E726B8E631EA7F8674C718A380E6E10E738A54207CEC3A459576C1551B90B39C1955100172C0CD7B944B38F984EF9E3D0853F5DE73C9CE1A06A291DF94443584720C4D30C1B1C558C5FA1A7709AFBADB8711333EE3AB798E49DEC314C0AE0EF8B8EFB2AC1E7691CDDC6A41C5F36DFDFA1748A41FA2ED6FBC67196FA8A1F03AF41D0425C154E2D469518F31553B2AD6DA1C908E5FBEE992E5603E5355D5F0B547B0ED1DA7E14462986A4DDC1C653D93EAD7FAFBC3CAB05B8DA02AD16A16981568BB7AF277976EC8E94DD8A1F454A8D6E145D262F7A9789D2E6E23A910FFA5A28645B190485A2E8056A85B09C20C6B66F39C553BED2E254F4080C2F53A27AC3F9162764DE05E77CD05738EB8798FFFBF6930363C3BB8FBDE6E7D6F4A2DF6AD6AA7EBB6F99B27FC258EC87B903ED74973B9F3C93331A380BB6C12225D59E055981F51226B042C0ECD0FD410B8C595D7DEC6DD455DBB0ACF0D05597D6353DC50473EC9CF8C58D6E84988F023D25108B406E81D58853B11C10018C3158DF21E5FAD20DA91F2688D8DD56447AAE77E152AD5CED39C509A662A9DA63DFC76AEB18A91BAF6D2871EA0ACBC06BE1A707AC0A482F848102EF3541252F8896B67271ED24A424A7B7852829EE7D8C3615FD45F0D4AE913608180B668381F248D01F52A622BBFB983278BD05501962BF73A82AB64471A800099C962E9C3E188E89E057795264E5114205895035C65CB95A36BBAEB299692093E58B6AA74917CD1DB2250E35E1B2BD43BA5C159A74D9AE48B7222B3B5F5F9E5B230C776B35C98BCF18B5AF558034902C3E54B4E42D79F0E409F59D6C195ACB5C0D55AA6BE35B7AA672556A899BB3BEFC3CA543A93E516B3DEEACC82D5F8D18EB2CC16B4CB63A16D735A0A12FBC82BFA8780ECF42740C2E5192C02DA4457C942DCEB8603D466FC6CBB30351A1C3F3998124A8BDAD2DC10D0F4DB1D22BEE4B013E0F53C6E1BA821E90B89D8C82481B0615CF52132A035251D3B353958A6AB8F8BB1069280A43F92F879F83EF91D839F28BAABE4635C19C5C4204A5865BF128265944ED5B985D5AE20CDA6AA40E5DDFC053E6A16D5C5A80B47D5E0E77AF64E46561D95498847A24C22CF63C693024C01AFAC5A9BC571D597007B2EB6A4E246D55F6738A5D53FD7AD15654372EA1A7F5162EA96AB5EF0C4C6D3BC2629C1AA57A00D522F73C486DDE79DB3A9AD6E53415EFB6AAA6A2B5BFA6FA1DB6ADA86EECAFA778876D2B295A760657C55161595C19A57AE0CA22F73CB8AA1F5CDB2AEAC62FB972B59E51256835CD5BC69776FE5387D4D6EB73A072DE1B9467AFEEAF5FB4C35831C47520484F61200E62E339E338DA1703F6C7BF931109F30057032E110D2798F1826F708F0E0E8F94EF6976E7DB168FB18018CEAEFA072E5BA74C4211D34E5264259A5EFA46803EA1D47F44E977119A7DBF291E4B3F8A7DB1215B3958B6E8DF2B0E6BAF381734C0B3A1FB672E75EC5CFC7A5F0BEE39D7292CB163E7C0F96B6D76ABAFF54A6E2DE30A29B65E20F5EF2C02F8CDBB99AE25BF2B781D085699FEF562AFB2F7EB695318F99E69D4F5B419F93C889BE4E35F070C1486BC3B4AAFB9826854F99A05643586BA7ADEDD2E8D2CBFC9AE405FAE44F058DFD79E85297C2D6C73F954BC55FEEE65F0617B4C7939787C01DCF1CBC2A324429627AB771B20B6E7979DE48175F2C4F230D597F22DEEFBB0213EC490DA6223DC041D6CD22B7ABAD57630C526C51B21914D8A45578875D5CFC730CB095BC00A1B2A77073FFB323CB2944E3B1FBA95E96C842E5E654212F4ECACF2664861FDF10FCA50EB3FC8410564E1B45121FEBB1CC5BE5480EA31177412579550F1A81AA29CB52F314770BC4627290F27C8E7D0ED63C6F28F623F2392C190B3E8010717F43AE349C661CA387A908321EAE922FB39F32DFB3CB84EF22F5637310570331437846BFA210B4950FB7D6EB821585488425DDEE6442EB9B8D54DE7B5A6AB98F6545486AFDE5FEE70941050C6AEE9183DE1557C03BC7EC453E4CFAB375CBB92EE44C8611F9C86689AA288953A1A79F809180EA2D9BBFF0012BA2147273A0000, N'6.1.3-40302')
GO
GO
INSERT INTO [dbo].[__MigrationHistory] ([MigrationId], [ContextKey], [Model], [ProductVersion]) VALUES (N'201612050847495_AutomaticMigration', N'Biz.Migrations.Configuration', 0x1F8B0800000000000400ED5B4B6FE33610BE17E87F10746A8BAC95642F6D60EF22EB2445D0CD03B177D15BC0486347A844A92215C42DFACB7AE84FEA5FE8506F3E64C976E278D3452E16C97970E6E370C861FEFDFB9FE1FBC730B01E20617E4447F6C160DFB680BA91E7D3F9C84EF9ECCD8FF6FB77DF7E333CF5C247EB7339EEAD188794948DEC7BCEE323C761EE3D84840D42DF4D2216CDF8C08D4287789173B8BFFF937370E000B2B09197650D6F52CAFD10B20FFC1C47D48598A724B8883C0858D18E3D938CAB75494260317161647FF0FFB0ADE3C027287A02C1CCB608A511271C153BFAC460C29388CE2731369060BA8801C7CD48C0A050F8A81EDE57F7FD43A1BB531396ACDC94F1285C91E1C1DBC2188E4ABE9649EDCA5868AE53342B5F885967261BD967519286CCB6545147E32011C3327B0EF2517B16FEDEAB9C8C58107F7BD6380D789AC08842CA1312EC59D7E95DE0BBBFC0621AFD067444D320686A817A609FD4804DD7491443C21737302B743BF76CCB91E91C95B0226BD0E47A9F53FEF6D0B62E5138B90BA07272638E131E25F03350480807EF9A700E09153C203393265D91955B65EAF3004AA1082E5C18B675411E3F029DF3FB918D3F6DEBCC7F04AF6C2914F9447D5C4748C493140C8A2AC22FC9833FCFF456D4B88E18B7AD1B08B24E76EFC739F007A2E3B674F05912853751508C2F9A6FA7249903524F23BD6F12A589ABE831746A042DC555AED4725489315F3125CBDA169A8C50BEED9EE97236185E93CDB960B4E768ADED5B618C08FBED320D37543F0174FD14B7AF92CF49F5BDF6222F97F17ACBBC5CCAA6655E8680BE9A643E6E57A4E856F4C881615423EF3269D13BD8143297479B6CD0D77023CB4AD12894842F107184E49830B67DC909CCF95A8B53E12330BC4AA4E80DE71B888345179CB3415FE1ACA742FFF74D2C03C613EF3EED313F93A607FD46B316F59B7DAB84FD63C622D7CF1468BABBD8F9E4999C52CF5AB20DE62E29F72CF40AAE173FC615826247F60F9A61CCECAAE4B966576EC332C3035B5D5A57F40402E0601DBBF9B9704C984B3CDD25680B4F6EC1D50889580E24408C315CDF3EE5FAD2F5A9EBC72468575B21E9B9DE854A1573B5E70462A062A9B6DBBE8FD44632AA0BAF642876EA32CBD069E0A707AC72482F858102EF0D41252F8806B76271ED24A424A5B78528C9EE7D84D611FD45F0D48C916D103006CC1A03454AD01F52A620BBFB983268BD0550196CBF73A8CAB7449154200524850A2777863411F52A324556A4102A4804AB0970E56859EFBACA66A6814CA6CFA39D469D3777D01638D4888BF60EEA625568D445BB42DDB0ACAC7C75786E8C309CAD55272FCF312A5D4B036920599E5434E85BFCE0C813EA3BD9C2B42D733544A9AE8D6FE599CA51A9416EF6FAEAF39492527DA2ADF1B8332237743562AC33046F30D9322DAE62405D0471F22A48592D715ACA25C30B12C7780A69944F8A166B92D74EC66F26ABD718C29C87E33243A9A1D2B69284273C3207A5579C973C38F313C6F1B842EE88389D8CBD501B8611AF25269402A4A0A67BA70C15E570F13B27A90B1D86F05F0C3F43DD43B1736407557D8D6A8459898A0424319C8AC7519086B47D0B6BA7962A0F4D365287CE6FE828F3D0362ECD40DA3E2F9BBB9733B2B0B0AA2B4C443D1C61267B1E37181CD06AFAE5AEBC55155972066AE75567244D56ED794A3BA7EAF6A2C9A86A5C814F75A32E31AA5A57E0D4B855977835DA7706F06D7BCB72C41BA97A40BE85EE79305FDF183779D4ADAB71CA6F80554E796B7F4ED58D6E9351D5D89F4F7EA3DB6492B7EC0CAEF2A463555C19A97AE0AA85EE7970555DDD3659548D5F720C6C5CC84AD0AA9BB78C2F2D93548754D2AB8C52C91C874516D7FD1A474BEBF221B685467AF03D91D24D168C433810030693DF03DC1C320397032E08F567C0785EB9B00FF70F0E95F73DBBF3D6C661CC0B0C59B0FEE066EBC5175FD8B4B3BCB2D6B301E9CD027D20897B4F92EF42F2F8FD5355C4F4A4EE8B35D9DAC66AB3FEADA2B0761F744E3D781CD97F665447D6F9AFB715E19E7595E0123BB2F6ADBF36AE93F5955ED26D245C29AF6D6648F5DD4736938D5F7D78F8CDBBEB6E2BBE72781DAB407D77B099FFD4B7049B7153DE07F474A3CEA7F93EA01B512BBE0E781D3050EAF5EBACBBD71385B4C2FD860164BD7A7979D9BCDDA2B67C43BC463175AD7253EB6DDFB3D42D5F4BEDBBB8B8DE6A35F165F0D17621F372F0F8022AD92F0B8FA22CB37AE97CB701D27685B3935569BD94D372B9D5B7009DDF19E0867817A16BF38DF0298AD326BEA2A79B6D47DDDAC4F8494ADA26C6A2CB079DF5F3D5BB65872DA9511B227747B5F865AADA923BDBABB35B99CE9314AFD7999004BDF61AF7D394A8F50B440C438D7FFAC308C8FC79CD42FC0B2005570A40D598733A8BCA48A868540E5172ED0BE004D36B729C707F465C8EDD2E30963DD1FD4C8214879C8677E09DD3AB94C729C7294378271B43C4D365F2B33ABCACF3F02ACEDECF3EC514504D5F9C10AEE887D40FBC4AEF33C309A1858508D4C5694EF8928B53DD7C5171BA8C684F4685F9AAFD650A611C2033764527E401D6D10DF1FA11E6C45D94F7C0ED4CBA1D219B7D78E29379424256F0A8E9F11331EC858FEFFE03C4508B13FB3A0000, N'6.1.3-40302')
GO
GO
INSERT INTO [dbo].[__MigrationHistory] ([MigrationId], [ContextKey], [Model], [ProductVersion]) VALUES (N'201701301043446_AutomaticMigration', N'Biz.Migrations.Configuration', 0x1F8B0800000000000400ED5BDB6EDC36107D2FD07F10F4D4168E653B28D01ABB099C755C2C1A5FE07582BE19B444AF8948942A5286B745BFAC0FFDA4FE4247778A175DF6E6751A1428B224E7703873382435E37FFFFE67F4F629F0AD471C3312D2B17DB87F605B98BAA147E87C6C27FCFED54FF6DB37DF7E337AEF054FD6A772DCEB741C485236B61F388F8E1D87B90F38406C3F206E1CB2F09EEFBB61E0202F748E0E0E7E760E0F1D0C10366059D6E83AA19C0438FB013F27217571C413E49F871EF659D10E3DB30CD5BA4001661172F1D87E47FEB0AD139F20987A86FD7BDB4294861C7150ECF823C3331E87743E8BA001F9378B08C3B87BE4335C287C5C0FEFABFBC151AABB530B96506EC278180C043C7C5D18C391C59732A95D190BCCF51ECCCA17E9AA33938DED53C2784C5C6E5BF264C7133F4E076616DDCF05F7CBE17B1634EE55FE065AA4FFED5993C4E7498CC714273C46FE9E7595DCF9C4FD152F6EC2CF988E69E2FBA242A012F4351AA0E92A0E231CF3C535BE2FD4249E6D394D394716ACC404997C0153CA5F1FD9D6054C8EEE7C5CF95B58EC8C8731FE05531C238EBD2BC4398EC15D530F670B576697E68A500C036FBBA76C87A1F0FF1201780A7BCCB6CED1D3074CE7FC616CFF089BEA8C3C61AF6C28403F52023B1264789CE0C193B230E643D41E39358B5AB97516C649C0BA98958FDA36A1A64B106ABA4542E556B921DC6F2304FC732D8CB8408F649EE92DA9711532E0C635F6B34EF640A23CA8EEA71DB7A583CFE230B80EFD627CD17C7B83E2394E9915AA7DB33089DD6579952BD5CEAA74CC574E35E7DA169BB454BEED5E693B0C1CDDF1EA287093E060ADED5B61020CFB7C91042BAA1F6370FD0DA98F89D3EAF7D29BBCDCC6CB6DF3722BEBB6791902FA6A92F9D8AC48D12DE9911343AB46DEA5D3A277B029E66C8F36D9A0AFE1A639570246E9B8D06C68AFA5334788B1EDCF1CE3395F6A734A382987377227BBC691BFE8A27336E82B9DD5ABD0FFFD10CB88B1E6D3C71CF3B3D9D4A02F342B515FEC1B12F64F180B5D922920BABB38F99A2B794F3DABE518CC5D529E59E015D82F24821D02D38EED1F14C3E8E1AACB730D571EC34DC0435BDE5A97F414FB9863EBC4CDBF394C107391A7BA046CE1355B6037E2F4214B900F1C83A73E2294AB5B97509744C837AB2D89F4DCEFA94A15B8DC738A234CD3AD6AB67D9F5985CBA83A79358764A72EB38C1C813F3D689553BA950612BD57245573430868C5E6DA494A3594DE16A31A76EF33691DD19F854F628C3451401B306B0E145782FE94D205D9DDE79446EB2D904A63FB9D63557E24A6970A90C071F965F84E734D04BD8A9B222BAE10324952A819E6CAE7E5FADC2D68527729446B6294E79E82507674C8E7115391CE9B3B640B2E2BC2457B8774B1B314E9A25D9216BCD354BE7A800B2334EF739928EDF7944AD7D2400AD1DA2F2682BCC10F4E73417D175B98D6B0564DA4EB3A3C07AFB419D90471BDD787AFB371B155176A8CE99D515DD055CBB1CE30BEC262CBAB751547EA249D9367E9CA6C9E6348E78DCE5114C14B4648EF152DD62CCFED4D5ECD86E7C0821CC37199261556695BCD04AF4434C7526FFAE6F2F019891987270FBA43E90B67E205CA30889A8698504E200546D53F65B02805D27FE742E9DBDC24581BEB0CF40FD213287BF00A1E358B668954E4A35893429B847E1250531AAE4D5A488A892042737FACFC43920893B7F447C8D35C2242DEA2228C1CC992CA11AC3849B9B1349DDE8B12C630DE4E08BD580F3A98044D069C4A7ED4DD4ECCD28D849608D3E8D819676427C55057E8847A38422FB61937681C60347DBB2B6F65455A9ED666ACFAA22B4299AFBF66A4EAA3980854350EC0A912350DA0AA75009290AC696009ED3B4378D375A39DF15AA91E9437C86D86F3752242C4A85B8721E5890519296FED8F54250A44A0AAB13F4E9E281041F2969DE1557E0F1DCA2BAD540F5E19E436C3AB2A232042548D2F39060ADFF91BD4AA9BB7CC2FE571210FA966AF1E19D26362545CECBB0B08959B7E3EC4B6C0488FC44B6FF9B305E338D84F07ECCF7EF7E170C80C5C0E384794DC63C6F384987D747078249524EE4E79A0C398E76B1E46BA1AC1A6BFB650B84752AB76E6ED0626B1945ABD6C96152AF5E8238ADD07142BB57A2B14E275EB34B40C6F09E7AD9692DD88F3347571A5F9BF0BD0D3F7EB329A7A277FB1265BDA5826EBDF4A0A2B5F89A7D4C34F63FBCF4CEAD89AFE765B09EE59973144C863EBC0FA6BE5EC79DFD94BB995269792EEAB1952AE065B2604A9B5601EFCE6DDD9F881B54F5FC62E90AB9156F39F5C61B41A9A5435D4D38D2A8E5835B4C6034473A97EB13490AA7896D9775F4E1452CA79560C20CB55D194E9A3ED96BA34733E4B94582C9584367EACDD4835C397521153A4A2B65A63F03CFC307D4F7B3E7ABC80FA96E7A54791681D5E50B3DB04317D81DBC95A1535396BF83639A42C25FFEC0387E25D08EECD0FC3B2B7BBF6A3B36A4507BF8E8A161D6EDAD30DDB51ECA2035E4B1D8C0E38ED225885DE5C914CD3612D852D9AC3A1A3C4E4794A611AEE3497746C65396BA9785966410DEA990B63D653D7A27E62864827FC253B045946E63544FA77ED14BB8D18578D99D2FBB00CB69246E510E93A7F8E39821B3C3A8939B9472E876E173396FD6DC027E42730E47D7087BD29BD4C78947058320EEE9AC6484376DBFC59F14E53E7D1659415EEAF6309A026491F2197F45D427CAFD2FB4CF3083140A46741F1604C7DC9D387E37C51215D84B4275061BEEA08BBC141E40318BBA433F48897D10DF8FA01CF91BB28330566906E4734CD3E3A25681EA3801518B53CFC040E7BC1D39BFF00A7666413D0410000, N'6.1.3-40302')
GO
GO
INSERT INTO [dbo].[__MigrationHistory] ([MigrationId], [ContextKey], [Model], [ProductVersion]) VALUES (N'201701301053208_Initial2', N'Biz.Migrations.Configuration', 0x1F8B0800000000000400ED5BDB6EDC36107D2FD07F10F4D416CECA7650A035761338EBB85834BEC0EB047D336889BB262251AA4819DE16FDB23EF493FA0B1DDD295E24EDD5EB3428506449CEE170E670486AC6FFFEFDCFF0ED53E05B8F386624A423FB6870685B98BAA147E87C64277CF6EA27FBED9B6FBF19BEF78227EB5339EE753A0E24291BD90F9C47278EC3DC071C203608881B872C9CF1811B060EF242E7F8F0F067E7E8C8C100610396650D6F12CA4980B31FF0731C5217473C41FE45E8619F15EDD033CD50AD4B14601621178FEC77E40FDB3AF50982A9A7D89FD916A234E4888362271F199EF238A4F369040DC8BF5D4418C6CD90CF70A1F0493DBCAFEE87C7A9EE4E2D5842B909E361B024E0D1EBC2188E2CBE9249EDCA5860AEF76056BE48579D996C649F11C663E272DB92273B19FB713A30B3E820171C94C30F2C683CA8FC0DB448FF3BB0C689CF93188F284E788CFC03EB3AB9F789FB2B5EDC869F311DD1C4F745854025E86B3440D3751C4638E68B1B3C2BD4249E6D394D394716ACC404997C0113CA5F1FDBD6254C8EEE7D5CF95B58EC948731FE05531C238EBD6BC4398EC15D130F670B576697E68A500C03EFBAA76C87A1F0FF1201780A7BCCB62ED0D3074CE7FC6164FF089BEA9C3C61AF6C28403F52023B1264789CE0A5276561CC97517BE8D42C6AE5D679182701EB62563E6AD7849AAC40A8C90E09955BE59670BF8D10F0CF8D30E2123D9279A6B7A4C675C8801B37D8CF3AD90389F2A03A483BEE4A079FC7617013FAC5F8A2F9EE16C5739C322B54FBA66112BBABF22A57AA9D55E998AF9C6ACEB52B3669A97CD7BDD2761838BAE3F551E026C1C15ABBB7C21818F6F93209D6543FC6E0FA5B521F1367D5EF953779B98D57DBE6E556D66DF33204F4D524F3B15991A25BD2232786568DBC4BA745EF6053CCD91E6DB2415FC34D73AE048CD271A1D9D25E4B678E1063BB9F39C673BED2E69470520E6FE54E7683237FD145E76CD0573AAB57A1FFFB21961163C3A78F39E667B3A9415F6856A2BED8B74CD83F652C7449A680E8EEE2E46BAEE43DF5AC96633077497966815760BF900876084C3BB27F500CA387AB2ECF355C790C37018F6C796B5DD133EC638EAD5337FFE63046CC459EEA12B085D76C81DD88D3872C413E700C9EFA8850AE6E5D425D1221DFACB624D273BFA72A55E072CF198E304DB7AAD9F67D66152EA3EAE4D51C929DBACC327404FEF4A0554EE9561A48F45E9354CD0D21A0159B6B2F29D5507A578C6AD8BDCFA475447F163E8931D244016DC0AC39505C09FA534A1764F79F531AAD77402A8DEDF78E55F991985E2A4002C7E597E17BCD3511F42A6E8AACB842C82449A1A69817205EF579B93E770B9AD45F9E15A23531CA734F41283B3AE4F388A948E7CD1DB2059715E1A2BD43BAD8598A74D12E490BDE692A5F3DC085119AF7B94C94F67B4AA56B69208568ED171341DEE007A7B9A0BE8B2D4C6B58AB26D2751D9E4BAFB419D90471BDD7975F67E362AB2ED418D33BA3BAA0AB96639D617C8DC59657EB2A8ED4493A27CFD295D93CC790CE1B5EA02882978C90DE2B5AAC699EDB1BBF9A2E9F030B720CC7659A5458A56D3513BC12D11C4BBDE99BCBC3E724661C9E3CE81EA52F9CB11728C3206A1A62423981141855FF94C1A21448FF9D0BA56FF33383606DAC73D03F484FA0ECC12B78D42C9A2552918F624D0A6D1CFA49404D69B836692129268208CDFDB1F20F49224CDED21F214F738908798B8A3074244B2A47B0E224E5C6D2747A2F4A18C3783B21F4623DE8601234197022F951773B314B37125A224CA3636F9C919D14CBBA4227D4C3117AB1EDB841E300A3E9DB5D79272BD2F2B43663D5175D11CA7CFD3523551FC544A0AA71099C2A51D300AA5A97401292350D2CA17D6F086FBA6EB4335E2BD583F206B9ED70BE4E44881875EB724879624146CA5BFB2355890211A86AEC8F93270A4490BC656F7895DF4397E59556AA07AF0C72DBE15595111021AAC6971C0385EFFC0D6AD5CD3BE697F2B8908754B3578F0CE931312C2EF6DD0584CA4D3F1F625B60A447E2A5B7FCE982711C0CD20183E9EF3E1C0E9981CB0117889219663C4F88D9C78747C75249E2FE94073A8C79BEE661A4AB116CFA6B07857B24B56A67DE6EC9249652AB97CDB246A51E7D44B1FB8062A5566F8D42BC6E9D962DC35BC179EBA564B7E23C4D5D5C69FEEF02F4F4FDA68CA6DEC95FACC9563696C9FA7792C2CA57E209F5F0D3C8FE33933AB126BFDD558207D6550C11F2C43AB4FE5A3B7BDE77F6526EADC9A5A4FB7A8694ABC15609416A2D9807BF7977367EC9DAA72F6317C8D548EBF94FAE305A0F4DAA1AEAE9461547AC1ADAE001A2B954BF581A48553CABECBB2F270A29E53C6B0690D5AA68CAF4D16E4B5D9A399F154A2C564A421B3FD66EA59AE14BA9882952513BAD31781E7E98BEA73D1F3D5E407DCBF3D2A348B42E5F50B3DF04317D81DBCB5A1535396BF836297FD1682B4BC93FFBC0A1781F827BF3C3B0ECEDAEFDE8AC5AD1C16FA2A245879BF674C37614BBE880375207A3034EBB0856A1B75724D374584B618BE670E82831799E5298863BCD251D3B59CE462A5E565950837AE6C298CDD4B5A89F9821D2097FC90E419691790D91FE5D3BC56E23C6556326741696C156D2A81C225DE72F3047708347A7312733E472E8763163D9DF067C427E0243DE07F7D89BD0AB8447098725E3E0BE698C3464B7CD9F15EF34751E5E4559E1FE2696006A92F4117245DF25C4F72ABDCF358F1003447A16140FC6D4973C7D38CE1715D265487B0215E6AB8EB05B1C443E80B12B3A458F7815DD80AF1FF01CB98B32536006E97644D3ECC33382E6310A588151CBC34FE0B0173CBDF90FC6C24AF9D0410000, N'6.1.3-40302')
GO
GO
INSERT INTO [dbo].[__MigrationHistory] ([MigrationId], [ContextKey], [Model], [ProductVersion]) VALUES (N'201701301113338_AutomaticMigration', N'Biz.Migrations.Configuration', 0x1F8B0800000000000400ED5CDB6EDC36107D2FD07F10F4D416CECA7650A035761338765C2C1A5FE07582BE19B4C45D0BD1AD2265ECB6E897F5A19FD45FE850578A17DDF6E2751A1428B224E770387338243593FCFBF73FE3B74BDF339E704CDC30989847A343D3C0811D3A6EB09898099DBFFAC97CFBE6DB6FC6EF1D7F697C2AC6BD66E340322013F391D2E8C4B288FD887D4446BE6BC72109E7746487BE859CD03A3E3CFCD93A3AB2304098806518E3DB24A0AE8FD31FF0F32C0C6C1CD1047997A1833D92B743CF2C4535AE908F49846C3C31DFB97F98C6A9E722987A86BDB969A0200829A2A0D8C9478267340E83C52C8206E4DDAD220CE3E6C8233857F8A41ADE55F7C363A6BB55091650764268E8F7043C7A9D1BC312C50799D42C8D05E67A0F66A52BB6EAD46413F3DC2534766D6A1AE26427675ECC06A6161D6582A362F881018D07A5BF8116ECBF03E32CF16812E34980131A23EFC0B8491E3CD7FE15AFEEC2CF38980489E7F10A814AD0576B80A69B388C704C57B7789EABE93AA661D5E52C51B014E364B2054C03FAFAD834AE6072F4E0E1D2DFDC6267348CF12F38C031A2D8B94194E218DC357570BA70697661AE08C530F0BE7DCA669800FE5F20004F618F99C6255A7EC0C1823E4ECC1F61535DB84BEC140D39E8C7C0851D0932344E70EF494918D33E6A8FAD8A458DDCBA08E3C4276DCCCA46ED9A50D301849AEE90509955EE5CEA351102FEB811465CA1277791EA2DA8711312E0C62DF6D24EF2E84659501DB18EFBC2C11771E8DF865E3E3E6FBEBF43F10233668572DF2C4C627B28AF32A59A59C5C67CE5547DAE5DB14949E5FBF69536C3C0D11DAF8F0237090AD6DABD15CE80619FAF127F4DF5630CAEBF73AB63E2BCFC3D789317DB78D8362FB6B26A9B1721A0AB26A98FF58AE4DD821E1931946A645D2A2D3A079B7CCEE668930EFA1A6EEA73256094960BCD96F61A9B394284EC7EE6182FE8A0CD29E0300EAF17299CFCA6BE6EC02478B91E005E465BB95DDEE2C85BB56DCC74D0D78D295FEAFEEFC7714A8C0D9FA3FAD32B9D4D3EBEB866E9FCE2FBFA1C60A78484B69B2AC0BB3B3FC3EB2B791F3846C3819EB9A4387DC12BB05FDC0876084C3B317F900CA3862B9F01155C71A1A8031E99E2D6BA0ECEB18729364EEDECEBC9192236726497802D9C7A0BEC46CC9EE42EF28063100A911B5079EBBA81ED46C8D3AB2D8874DCEF4CA5125CEC39C7110ED856D5DBBECBACDCB55A9EBC9C43B0539B59C616C79F0EB4CA28DD480381DE6B92AABE2138B47C73ED25A56A4AEF8A5135BB7799B48AE8CFC2273E46EA28A00C981507F22B41774AA982ECFE734AA1F50E48A5B0FDDEB12A3B12D9A50224705C7CE37E505C1341AFFCA648F22B8448120635C354B84F9B4675EEE634A9BEA14B44AB6314E79E845074B4C867115392CE9A5B64732E4BC2797B8B74BEB324E9BC5D90E6BC5357BEFC94C08D507C691089D27C4F29752D0C2411ADF962C2C96BFC60D517D475B1B969356B5544BAB6C3B3F74AEB918D13577BBDFF3A6B175B79A1DA98DE1AD5395D951C6B0DE36B2CB6B85A9771A44A375A59BEB1C84B5A9AC4E4F8124511BC64B84465DE62CCB22CE5D9AB59FF6C9E9F6158365124F54A6DCB99E095881658E8656F2E075FB831A1F0E4410F88BD70CE1C5F1A06515313138A0984C028FBA708168500FB7326C4DEE6E71AC1CA5817A0BFCF4EA0F4C1CB79542F9AA6849187624532F02CF4123FD025149BA4B9F41E0FC23577C7CA3E89F130594B77842C61C723642D32C2D8122C291DC19293A41B4BDDE99D28A10DE3CD84508B75A0834E5067C0A9E047D5ED442F5D4BCDF130B58EBD71467A52F475854AA88323D462DB7183C2015AD337BBF25E54A4E169ADC7AA2EBA3C94FEFAAB472A3F8AF14065630F9C32E554032A5B7B207169A71A16D7BE3784D75D379A19AF94EA40798DDC76385FA554788CAAB51F5296221191B2D6EE4865CA83072A1BBBE364290F1E246BE98EC0A73C781CBEBDC729CB121FB543963574974FF31EBC7CDAB037BB24BB55F7DD254AA90EBB4423B79D5D52E6377888B2F12547742E6B51DB2855F38EF9253D95C421E5ECE59349781A8DF3674A7B61A7F46EC986980618E9C975D89B65B62214FB23366034FBDD83A32E357031E01205EE1C139AA5F7CCE3C3A363A154747FCA362D421C4FF1CC53D56ED6FDB583824A9759B5350BD9332527D550A6B3AC5141193CA1D87E44B15443B9468164BB4E7DCB2307386FBD04F3569CA7A8572CCCFF9D8F96DF6FCA68F20BE3C59A6CB0B174D6BF171496BE794F03072F27E69FA9D48931FDEDBE143C30AE63889027C6A1F1D7DAB5005D672FE4D69A5C282158CF906295DE901024D7E839F09BB6D716F4AC49FB3276815825B69EFFC4CAAFF5D0846AAE8E6E9471F86AAE218C926BB986A070955C43C4B93AAE0D1E828A87C18BA5B2505735C4C85F4E24950AACD60C82C3EA9A8A84DE6E8B8FEA59B801452F83CA02B49FCFB7525FF2A5D428E5C9C19D567D3C0F3F745F389F8F1E2FA0E2E879E991A7BEFB9738ED3741745F11F7B27A484E976BBEAF8A5F659A0A85B24F5770283E84E0DEEC302C7ADBAB715AEB8854F09BA83152E1B29E76D896F22315F0462A9354C0ACCBC532F4F6CA96EA0E6B2835521C0E2D453FCF539C5473A7BEC86627CBD9480DD29005D5A8A72F55DA4CA591FC991C221DF7AF24409025EEA28260FF664280ED5A8C2BC74C837958045B41A36288709DBFC414C10D1E9DC6D49D239B42B78D0949FFB6C627E42530E4BDFF809D69709DD028A1B064EC3FD48DC14276D3FC6939555DE7F17594FE558A4D2C01D474D923E43A7897B89E53EA7DA178846820D859903F18992F297B382E5625D255187404CACD571E6177D88F3C0023D7C10C3DE121BA015F3FE005B25745B6430FD2EE88BAD9C7E72E5AC4C8273946250F3F81C38EBF7CF31FDE7C5FC12C440000, N'6.1.3-40302')
GO
GO
INSERT INTO [dbo].[__MigrationHistory] ([MigrationId], [ContextKey], [Model], [ProductVersion]) VALUES (N'201701301115265_AutomaticMigration', N'Biz.Migrations.Configuration', 0x1F8B0800000000000400ED5CDB6E2435107D47E21F5AFD0428A493AC90209A012DC9068DD824AB4C40BC454EB733B1E81B6D773403E2CB78E093F805CA7D75FBD2D7C964022B24B463BB8ECB55C765BBAB76FFF9EBEFD977EBC0B79E70424914CEEDE3C323DBC2A11B79245CCDED943D7CF9B5FDDDB79F7E327BE7056BEBE772DC1B3E0E24433AB71F198B4F1D87BA8F3840F430206E12D1E8811DBA51E0202F724E8E8EBE718E8F1D0C10366059D6EC260D190970F6037E9E45A18B639622FF32F2B04F8B76E85966A8D6150A308D918BE7F6F7E477DB7AEB1304532FB1FF605B280C2386182876FA13C54B9644E16A194303F26F373186710FC8A7B850F8B41EDE57F7A313AEBB530B96506E4A59140C043C7E5318C391C54799D4AE8C05E67A0766651BBEEACC6473FB9C50961097D9963CD9E9999FF08199450F73C1C372F881058D0795BF8116FCBF03EB2CF5599AE07988539620FFC0FA90DEFBC4FD116F6EA35F71380F53DF17150295A0AFD1004D1F9228C609DBDCE087424DE2D996D3947364C14A4C90C917B008D99B13DBBA82C9D1BD8F2B7F0B8B5DB228C13FE010278861EF03620C27E0AE8587B3852BB34B73C528818177DD53B6C384F0FF1201780A7BCCB62ED1FA3D0E57EC716E7F059BEA82ACB1573614A03F85047624C8B024C58327A551C286A83D736A16B572EB224AD28076312B1FB56B422D46106AB14342E556B925CC6F2304FC712B8CB8424F6495E92DA9F121A2C08D1BEC679DF491C479503DE41D77A5832F9228B889FC627CD17C778B9215E6CC8AD4BE659426EE585EE54AB5B38A8FF9C8A9E65CBB629396CA77DD2B6D8781A33B998E02370906D6DABD15CE8061BF5EA5C144F5130CAEBF25F531715EFD1EBDC9CB6D3C6E9B975B59B7CDCB10D05793CCC766458A6E498F9C185A35F22E9D16BD834D31677BB4C9067D0C37CDB952304AC785E699F61A9F394694EE7EE604AFD8A8CD29E1700E4F8B145E71539F1A30295E4F03C0EB781AC03D49D8A38736038DDA7B87DFE0D8DF74EDF06CD0C71DAEDE0EFFEFE77A468C2D1FC8E663309B4D3D078566E52014FB869C846F298D5C922920BABBB80C3457F22EF4AC969B41EE92F21807AFC07E2131EC1098766E7FA118460F57BD276AB8F266D2043CB6E5AD751D9E631F336CBD75F3CF306788BAC8535D02B6F09A2DB01B317FDB13E403C720A622123275EB92D02531F2CD6A4B223DF73B57A902977BCE718C43BE55CDB6EF33AB703F5727AFE690ECD465969923F0A707AD724AB7D240A2F7445235378480566CAEBDA45443E95D31AA61F73E93D611FD45F824C6481305B401B3E6407125E84F295D90DD7F4E69B4DE01A934B6DF3B56E54722BF5480044ECA8FE5F79A6B22E855DC146971859049C2A19698491773DBAACFDD8226F5C77885684D8CF2DC5310CA8E0EF93C622AD27973876CC16545B868EF902E7696225DB44BD282779ACA57DF2484119A4F163251DAEF2995AEA58114A2B55F4C0479831F9CE682FA2EB630AD61AD9A48D775780E5E6933B209E27AAF0F5F67E362AB2ED418D33BA3BAA0AB96639D617CC262CBAB751547EABCA593272ECB04A763C870CE2E511CC34B46C878162DD6324F779E7DB91C9E160C720CC7A59AEC60A56D3513BC12D10A4BBDFCCDE5E10B9250064F1E748FF80BE7CC0B946110350D31A19C400A8CAA7FCA60510AF03FE742FC6D7E6E10AC8D7501FA07FC04CA1EBC8247CDA2596E19F928D16415CF223F0D425366B24D5AC8138A2042737FACFCDB9A0893B7F447C8337F2242DEA222CC1CC992CA11AC3849B9B1349DDE8B12C630DE4E08BD580F3A98044D065C487ED4DD4ECCD28D1C9F08D3E8D81B676427C55057E8847A38422FF63C6ED038C068FA7657DEC98AB43CADCD58F5455784325F7FCD48D5473111A86A1C8053E5AE1A4055EB0024217FD5C012DAF786F0A6EB463BE3B5523D286F907B1ECED7B91911A36E1D8694E75A64A4BCB53F52953B1181AAC6FE3879EE4404C95BFA2388B91311476C1F70CAF20C4AE390E50DFDE5B3048A289F35F497AFF3272248DDBA37FB2DBF9F0FDD6F5AA91EFBCD20F73CFBADCA94881055E36B3E1B84FC4763CBD5CD3BE697F2E8928754B3578F2FE991352B1E3CDDB5A6CA0B281F625B60A427E2F1D7CF7243190E0EF980C3E56F3E1C9A9981CB019728240F98B23C51689F1C1D9F48D5ABFB5349EA50EAF99A07A3AE9CB4E9AF1DD478126ED5CE7CE6C0E49E52D699CD32A1A8337C4289FB8812A5AC7342CD66B74E432B3647386F5AAAFA599CA729A12CCDFF5980D69F6FCB68EA5BE5D59A6CB4B14CD6BF931456BE9E2F420FAFE7F61F99D4A9B5F8E5AE123CB0AE138890A7D691F5E7E4AA82BEB397729326978A11A619522E1C1C1382D4B2410F7EB32D16D1E8D26DAF7517C8856BD3FC2717A34D43930ACC7ABA51C5110BCCC6304A2D2F1B832214978D11174ACBC688CB8565DBDE139A17C6ABDD1352A9D71873FF7742B252F3359139E34AADCA1CE36EEBA19A89C1117538A32A158C5FF49FA5E4E5BF523655E42B775A88F232FC307D747D397ABC8222A897A547918D1F5E75B5DF04317D8EDCCB822635836FF8502B7FDE69AB5DCABF81C1A1781F817BF3C3B0ECED2E10EA2C6DD2C16FA3EC4987CB7BBA613B2AA274C05B2996D201F32E8255E8E7ABA46A3AACA5FA49733874D421BD4CBD54C39DE6BA9F9D2C672B65516316D4A09EB97A6A3BC54FEAF7768874C2BF0001419692550DC1FF3D8810BB8D18578D59840F51196C258DCA21D275FE1233043778F43661E401B90CBA5D4C69F617487E467E0A43DE05F7D85B84D7298B53064BC6C17DD3183C64B7CD9F557835759E5DC7D9DFEED8C612404DC21F21D7E1F729F1BD4AEF0BCD23C400C1CF82E2C1C87DC9F8C371B5A990AEA2B0275061BEEA08BBC541EC0318BD0E97E8098FD10DF8FA1EAF90BB29D32666906E4734CD3E3B276895A0801618B53CFC040E7BC1FADB7F0126DCA17208450000, N'6.1.3-40302')
GO
GO
INSERT INTO [dbo].[__MigrationHistory] ([MigrationId], [ContextKey], [Model], [ProductVersion]) VALUES (N'201701301127115_AutomaticMigration', N'Biz.Migrations.Configuration', 0x1F8B0800000000000400ED5C6D6FE43410FE8EC47F88F2095069DA9E90A0DA051DED15ADA0EDA9DB3BF1AD7213776B91382176AA5D10BF8C0FFC24FE02765EFD9AD7EE76EF3821A1DBB1E7F178663C1E67E6EEDFBFFF99FDB08E42E709A604C578EE1E1F1EB90EC47E1C20BC9ABB197DF8FA5BF787EF3FFF6CF62688D6CEFB6ADE2B3E8F716232771F294D4E3D8FF88F3002E430427E1A93F8811EFA71E48120F64E8E8EBEF38E8F3DC8205C86E538B39B0C5314C1FC07FB7916631F263403E1651CC090947436B2CC519D2B104192001FCEDD1FD11FAEF33A44802DBD84E183EB008C630A2813ECF41D814B9AC678B54C180184B79B04B2790F2024B014F8B499DE57F6A3132EBBD73056507E46681C0D043C7E552AC353D947A9D4AD95C5D4F586A9956EF8AE7395CDDD7344688A7CEA3AEA62A76761CA27E61A3D2C180FABE9070E231ED4F6666EC1FF3B70CEB29066299C6398D1148407CEDBEC3E44FECF70731BFF06F11C6761280AC4446263128191DEA6710253BAB9810FA59828701D4FE6F354C69A4DE02936B0C0F4D589EB5CB1C5C17D086B7B0B9B5DD238853F410C534061F016500A5366AE4500F38D6BAB2B6B25206513EFBA976C87C1ECFF1502F35376C65CE712AC7F8178451FE7EE37EC505DA0350C2A4209FA0E237622190F4D3338785112A77488D833AFF1A256DFBA88D32C225D9E55CCDAB5432D4638D462870E5568E516D1B0CD21D81F9FC523AEC0135AE5722B62BC8D09F38D1B18E683E4112545503DE4037795812FD238BA89C3727E49BEBB05E90A72CF8AF5B1659CA5FE58BF2A846AF72A3EE7934FC96BEDCA9B8CAE7CD7BDD376187675A7D35158264199B676AF8533E661BF5D65D144F153C84C7F8B9A6BE2BCFE3DFA9057C778DC31AF8EB2E9985721A0AF24B98DED8294C38A1C856318C528864C52F40E36E59AEDD1269FF429DCC86B654C291D09CD96CE1A5F390184EC7EE514AEE8A8C3A9E0701F9E16298232539F1A30095C4F0380EB641AC03D4AE96300369395FA084190B0643705E8052E0084D9C333C8FCAD9F87DEA1ED0626E1A62BB4E5933E85363D2DFEBF2734B9633C732662BFFFF3D5F40440206B198038362405784D48ECA35C00D1DC651624EFE40D0E9C9694A8304995BF30ABB0F382127642D8B273F72B4D3166B8FA21D5C05529990C78ECAA47EB1A9FC31052E8BCF68BEF4F6780F820D04DC27411C814761A21FFA88140C87C8CF0A889A97E7411F6510242BBD80A4BCFF3CE45AAC1D591739840CC8FAA5DF77D56151E26FAE2F51A8A9EBAD432F304FFE9E156854BB7BA81E2DE139D4A3E10025A79B8F6D2A524A177E55192DEFB2CDA44F417F1273146DA5CC018301B1F285382FE2E650AB2FBEF5306A977E05406DDEF9D571557224F2A18074CAB2AC1BD214D6472959922295308D54938D41252E545E23ACDBD5BBA495385D01C4DC6A8EE3D0DA11AE8E02F22A6C65D903B784B5FD6984B7A077779B234EE92AE700BD69185AF3FC608330CDF6A544769CF536A592B05698ED69E9808FC163B78F286FA6EB654AD65AF8648D775790EDEA91CD90476B3D587EF534A6CF58D5A637A6754176435FA5867189FB0D92AB5AEE34853B0F58A8A6D55D9F52CA5DDD9254812F692114ABD25C5591675DEB3AF97C3EBA15181E1F9C45016ADA5AD5762AF44B082CA287F7305F002A584B2270FB807FC85731644DA3416352D31A15A40098CBA7DAA605131F03F174CFC6D7E6E616C9475C1E48FF80D943F78058BDA59F3A23A08416A28A79EC56116615B49B68D5B28908A2002B93F56F15151842928FD118A92A7885050748499A76852BB82352369198B6CF45E2E610DE3ED0E6166EBE10E36469B02178A1D4DD9899D5B2A6E8A30D2C0DE1823BF29869AC2C4D4C31066B6ED98C16000ABEADB4D79A70AD2F2B4B6633589AE08654F7FED48F5473111A8260EC0A98B7612504D1D802414EE242C81BE370E6F4B37DA3DDEC8D5C3E52D7CDBF1F9A628256234D46148459149452AA8FD91EAA291085413FBE314452311A4A0F447108B46228E481F70CBF2D29174C972427FFEBC7224F2E784FEFC4DE1480469A8FD91E4CA9188268FF44714AA415252D590F7261A14AF87A1D1C0C8D5231A58F8B6130DEA3A8E0851133FE49B4BA8CE4801A121EFD8BFB427A13AA55EBD7E1A2A4FC059F91CEB6E01D6DE67C514D7614A7A42017F9B2D3784C2E8904F385CFE1EB22B3D577035E11260F400092DCA98EEC9D1F189D254BC3F0DBE1E21416878CE9ABA7C657BEDA0F51671AD76565B07961EB56EDB7C9509BDB6F809A4FE2348B56EDB09ADB4DD320D6DA41D61BC6985F4AD18CFD0D95AA9FF8B08ACBF7C2EA5E92FA90F5665A39565D3FE9D22B0F66D7F8103B89EBB7FE65CA7CEE2D7BB9AF1C0B94E59843C758E9CBF26F73CF45DBDE29BB4B8D22A314D916A3FE79810A4777306EC37EDEEA118D8BDF8719C02B59F709AFDD41EC169684ADF5F4F33EA3862DFDF188FD2BBFEC6A0083D7F63D8858EBF31EC6ABFDF68659AFAFDA69959EBE1DBCACD6578027DB08756E9941BE30F1FCF9DA1B5CC4D0CF7E33AD5AA12ED6EDBC9E4BAEA8836A6518D1ED682C8563A863E96AEB3B2DCBBD33E9E97F10FDB37EB97738F0FA087EC65DDA36C6618DEB4B6DF0E62FB5EBA97FD607A0384E54BB2FAFDA9ADF5ABF848C72EC5FB9899B7B80CABD1EEFEAACECE3013FC73748D9970F948376C47439909F8597ACD4CC07C08411D7A7B8D68B2C15A9AC70C9743471BD7CBB49B49E6B4B74DED643BCFD25536664392EBD99BCF9EA7774C2F08B04827FCCB212CC812B46A20F8BF2382A12FC5B87ACE023FC455B05524AAA628E9FC25A48065F0E0754AD103F0291BF62121F9DFBF790FC28C4D7913DDC36081AF339A64946D1946F7B23278C86E5B3F6F9093659E5D27F95F8E798E2D3031117F845CE31F331406B5DC178647880582DF05E58391DB92F287E36A53235DC5B82750A9BEFA0ABB8551123230728D97E0098E918DF9EB2F7005FC4D55D7B183741B4256FBEC1C81550A22526234FCEC27F3E1205A7FFF1FCC51F2D340470000, N'6.1.3-40302')
GO
GO
INSERT INTO [dbo].[__MigrationHistory] ([MigrationId], [ContextKey], [Model], [ProductVersion]) VALUES (N'201701301201018_Initial3', N'Biz.Migrations.Configuration', 0x1F8B0800000000000400ED5C6D6FE43410FE8EC47F88F2095069DA9E90A0DA051DED15ADA0EDA9DB3BF1AD7213776B91382176AA5D10BF8C0FFC24FE02765EFD9AD7EE76EF3821A1DBB1E7F178663C1E67E6EEDFBFFF99FDB08E42E709A604C578EE1E1F1EB90EC47E1C20BC9ABB197DF8FA5BF787EF3FFF6CF62688D6CEFB6ADE2B3E8F716232771F294D4E3D8FF88F3002E430427E1A93F8811EFA71E48120F64E8E8EBEF38E8F3DC8205C86E538B39B0C5314C1FC07FB7916631F263403E1651CC090947436B2CC519D2B104192001FCEDD1FD11FAEF33A44802DBD84E183EB008C630A2813ECF41D814B9AC678B54C180184B79B04B2790F2024B014F8B499DE57F6A3132EBBD73056507E46681C0D043C7E552AC353D947A9D4AD95C5D4F586A9956EF8AE7395CDDD7344688A7CEA3AEA62A76761CA27E61A3D2C180FABE9070E231ED4F6666EC1FF3B70CEB29066299C6398D1148407CEDBEC3E44FECF70731BFF06F11C6761280AC4446263128191DEA6710253BAB9810FA59828701D4FE6F354C69A4DE02936B0C0F4D589EB5CB1C5C17D086B7B0B9B5DD238853F410C534061F016500A5366AE4500F38D6BAB2B6B25206513EFBA976C87C1ECFF1502F35376C65CE712AC7F8178451FE7EE37EC505DA0350C2A4209FA0E237622190F4D3338785112A77488D833AFF1A256DFBA88D32C225D9E55CCDAB5432D4638D462870E5568E516D1B0CD21D81F9FC523AEC0135AE5722B62BC8D09F38D1B18E683E4112545503DE4037795812FD238BA89C3727E49BEBB05E90A72CF8AF5B1659CA5FE58BF2A846AF72A3EE7934FC96BEDCA9B8CAE7CD7BDD376187675A7D35158264199B676AF8533E661BF5D65D144F153C84C7F8B9A6BE2BCFE3DFA9057C778DC31AF8EB2E9985721A0AF24B98DED8294C38A1C856318C528864C52F40E36E59AEDD1269FF429DCC86B654C291D09CD96CE1A5F390184EC7EE514AEE8A8C3A9E0701F9E16298232539F1A30095C4F0380EB641AC03D4AE96300369395FA084190B0643705E8052E0084D9C333C8FCAD9F87DEA1ED0626E1A62BB4E5933E85363D2DFEBF2734B9633C732662BFFFF3D5F40440206B198038362405784D48ECA35C00D1DC651624EFE40D0E9C9694A8304995BF30ABB0F382127642D8B273F72B4D3166B8FA21D5C05529990C78ECAA47EB1A9FC31052E8BCF68BEF4F6780F820D04DC27411C814761A21FFA88140C87C8CF0A889A97E7411F6510242BBD80A4BCFF3CE45AAC1D591739840CC8FAA5DF77D56151E26FAE2F51A8A9EBAD432F304FFE9E156854BB7BA81E2DE139D4A3E10025A79B8F6D2A524A177E55192DEFB2CDA44F417F1273146DA5CC018301B1F285382FE2E650AB2FBEF5306A977E05406DDEF9D571557224F2A18074CAB2AC1BD214D6472959922295308D54938D41252E545E23ACDBD5BBA495385D01C4DC6A8EE3D0DA11AE8E02F22A6C65D903B784B5FD6984B7A077779B234EE92AE700BD69185AF3FC608330CDF6A544769CF536A592B05698ED69E9808FC163B78F286FA6EB654AD65AF8648D775790EDEA91CD90476B3D587EF534A6CF58D5A637A6754176435FA5867189FB0D92AB5AEE34853B0F58A8A6D55D9F52CA5DDD9254812F692114ABD25C5591675DEB3AF97C3EBA15181E1F9C45016ADA5AD5762AF44B082CA287F7305F002A584B2270FB807FC85731644DA3416352D31A15A40098CBA7DAA605131F03F174CFC6D7E6E616C9475C1E48FF80D943F78058BDA59F3A23A08416A28A79EC56116615B49B68D5B28908A2002B93F56F15151842928FD118A92A7885050748499A76852BB82352369198B6CF45E2E610DE3ED0E6166EBE10E36469B02178A1D4DD9899D5B2A6E8A30D2C0DE1823BF29869AC2C4D4C31066B6ED98C16000ABEADB4D79A70AD2F2B4B6633589AE08654F7FED48F5473111A8260EC0A98B7612504D1D802414EE242C81BE370E6F4B37DA3DDEC8D5C3E52D7CDBF1F9A628256234D46148459149452AA8FD91EAA291085413FBE314452311A4A0F447108B46228E481F70CBF2D29174C972427FFEBC7224F2E784FEFC4DE1480469A8FD91E4CA9188268FF44714AA415252D590F7261A14AF87A1D1C0C8D5231A58F8B6130DEA3A8E0851133FE49B4BA8CE4801A121EFD8BFB427A13AA55EBD7E1A2A4FC059F91CEB6E01D6DE67C514D7614A7A42017F9B2D3784C2E8904F385CFE1EB22B3D577035E11260F400092DCA98EEC9D1F189D254BC3F0DBE1E21416878CE9ABA7C657BEDA0F51671AD76565B07961EB56EDB7C9509BDB6F809A4FE2348B56EDB09ADB4DD320D6DA41D61BC6985F4AD18CFD0D95AA9FF8B08ACBF7C2EA5E92FA90F5665A39565D3FE9D22B0F66D7F8103B89EBB7FE65CA7CEE2D7BB9AF1C0B94E59843C758E9CBF26F73CF45DBDE29BB4B8D22A314D916A3FE79810A4777306EC37EDEEA118D8BDF8719C02B59F709AFDD41EC169684ADF5F4F33EA3862DFDF188FD2BBFEC6A0083D7F63D8858EBF31EC6ABFDF68659AFAFDA69959EBE1DBCACD6578027DB08756E9941BE30F1FCF9DA1B5CC4D0CF7E33AD5AA12ED6EDBC9E4BAEA8836A6518D1ED682C8563A863E96AEB3B2DCBBD33E9E97F10FDB37EB97738F0FA087EC65DDA36C6618DEB4B6DF0E62FB5EBA97FD607A0384E54BB2FAFDA9ADF5ABF848C72EC5FB9899B7B80CABD1EEFEAACECE3013FC73748D9970F948376C47439909F8597ACD4CC07C08411D7A7B8D68B2C15A9AC70C9743471BD7CBB49B49E6B4B74DED643BCFD25536664392EBD99BCF9EA7774C2F08B04827FCCB212CC812B46A20F8BF2382A12FC5B87ACE023FC455B05524AAA628E9FC25A48065F0E0754AD103F0291BF62121F9DFBF790FC28C4D7913DDC36081AF339A64946D1946F7B23278C86E5B3F6F9093659E5D27F95F8E798E2D3031117F845CE31F331406B5DC178647880582DF05E58391DB92F287E36A53235DC5B82750A9BEFA0ABB8551123230728D97E0098E918DF9EB2F7005FC4D55D7B183741B4256FBEC1C81550A22526234FCEC27F3E1205A7FFF1FCC51F2D340470000, N'6.1.3-40302')
GO
GO
INSERT INTO [dbo].[__MigrationHistory] ([MigrationId], [ContextKey], [Model], [ProductVersion]) VALUES (N'201701301206270_AutomaticMigration', N'Biz.Migrations.Configuration', 0x1F8B0800000000000400ED5C5B6F24B5127E47E23FB4FA095048E7B247826806B4241B348224AB4C40BC454EB733B1E876376D773403E2979D87F393CE5FC0EEABAF7D9D4C66971512DA29BB3E97ABCAE57257EDFEFFBFFF9B7DBF8E42E719A604C578EE1E1F1EB90EC47E1C20BC9ABB197DFCFA1BF7FBEF3EFF6CF62E88D6CEAFD5BC533E8F716232779F284DCE3C8FF84F3002E430427E1A93F8911EFA71E48120F64E8E8EBEF58E8F3DC8205C86E538B3DB0C5314C1FC07FB791E631F263403E1551CC090947436B2CC519D6B104192001FCEDD1FD09FAEF33644802DBD84E1A3EB008C630A2813ECEC170297348DF16A99300208EF360964F31E41486029F05933BDAFEC47275C76AF61ACA0FC8CD0381A08787C5A2AC353D947A9D4AD95C5D4F58EA9956EF8AE7395CDDD0B44688A7CEA3AEA6267E761CA27E61A3D2C180FABE9070E231ED4F6666EC1FF3B70CEB39066299C6398D1148407CEFBEC2144FE4F707317FF0EF11C6761280AC4446263128191DEA7710253BAB9858FA59828701D4FE6F354C69A4DE02936B0C0F4F4C475AED9E2E02184B5BD85CD2E699CC21F218629A030780F28852933D72280F9C6B5D595B51290B289F7DD4BB6C360F6FF0A81F9293B63AE7305D63F43BCA24F73F73FEC505DA2350C2A4209FA0B46EC44321E9A6670F0A2244EE910B1675EE345ADBE7519A75944BA3CAB98B56B875A8C70A8C50E1DAAD0CA1DA2619B43B03F6EC523AEC1335AE5722B62BC8F09F38D5B18E683E4092545503DE403F795812FD338BA8DC3727E49BEBF03E90A72CF8AF5B1659CA5FE58BF2A846AF72A3EE7934FC96BEDCA9B8CAE7CDFBDD376187675A7D35158264199B676AF8573E661BF5F67D144F153C84C7F879A6BE2A2FE3DFA9057C778DC31AF8EB2E9985721A0AF24B98DED8294C38A1C856318C528864C52F40E36E59AEDD1269FF429DCC86B654C291D09CD0B9D35BE720208D9FDCA295CD1518753C1E13E3C2D520465A63E356012B89E0600D7C934800794D2A7006C262BF509822061C96E0AD02B5C0008B3876790F9AF701E2824F4780BCB76AF72B293554EA739148778F3222F9E5B98849BAECB229FF4E9B2D01F1AFFF61431778C2DE776F68C2A5F4D4FA904B2965389634392AAB784C43ECA0510CD5DE695F24EDEE1C06949320B93541921B30A3B2F286127842D3B77BFD2146386AB9FA60D5C95E4CA80C7AE7AB46EF0050C2185CE5BBFF8A2770E880F02DD244C17814C61A711F2CF440884CCC708BF8730D58F2EC23E4A4068175B61E979DEB94835B83A72011388F951B5EBBECFAAC2534F5FBC5E43D153975A669EE03F3DDCAA70E9563750DC7BA253C90742402B0FD75EBA9424F4AE3C4AD27B9F459B88FE2AFE24C6489B0B180366E303654AD0DFA54C4176FF7DCA20F50E9CCAA0FBBDF3AAE24AE44905E3806955777930A4894CAE325324650AA13A09875A42AABCF15CA7B9774B3769EA3A9AA3C918D5BDA72154031DFC45C4D4B80B72076FE9CB1A7349EFE02E4F96C65DD2156EC13AB2F0F5E72D6186E1EB97EA28ED794A2D6BA520CDD1DA131381DF62074FDE50DFCD96AAB5ECD510E9BA2ECFC13B95239BC06EB6FAF07D4A89ADBE516B4CEF8CEA82AC461FEB0CE313365BA5D6751C694AE05E5103AF6AE59EA5583EBB0249C25E3242F1BCA438CBA2727EFEF5727885392A303C9F180ACDB5B4F54AEC9508565019E56FAE005EA29450F6E4010F80BF70CE83489BC6A2A62526540B288151B74F152C2A06FEE78289BFCD2F2C8C8DB22E99FC11BF81F207AF60513BABC3DB144008524381FA3C0EB308DB8ADC6DDC42C9590411C8FDB18ACFB4224C41E98F501491458482A223CC3C4593DA15AC1949CB5864A3F772096B186F7708335B0F77B031DA14B850EC68CA4EECDC52B958849106F6C618F94D31D41426A61E8630B3BD8C190C06B0AABEDD94F7AA202D4F6B3B5693E88A50F6F4D78E547F1413816AE2009CBA0C2A01D5D40148422954C212E87BE3F0B674A3DDE38D5C3D5CDEC2F7323EDF94F9448C863A0CA928DBA94805B53F525D8613816A627F9CA20C27821494FE0862194EC411E9036E595E8C932E594EE8CF9FD7E244FE9CD09FBF29C589200DB53F925C8B13D1E491FE88427D4D4AAA1A727FACB26026E294A46118273AC6C9508C531DE37428C61B1DE3CD1E45C7E23535343A1AB97A44470BDFCB44C7BAAE2542D4C40FF92617AA5552806CC83BF62FED89AC4EA957AF9FCACA9378563E4FBB9BCCB5F76A31C57598929E51C0DFAACB0DA1303AE4130E977F842CC5C9155C4DB802183DB273589475DD93A3E313A56D7D7F5AC83D4282D0F0BC37F591CBF6DA417337E25AEDAC3E0F2CC56AFDDCF92A13BAB9F13348FD27906AFDDC139AB5BB651ADAAA3DC278D31A0B5EC47886DEE94AFD5F4460FDE5B694A6BF2C3F58958D56964DFBF78AC05AAD638103B89EBB7FE55C67CEE2B7FB9AF1C0B94959843C738E9CBF27F780F45DBDE29BB4B8D23A324D916AC7F09810A4F70B07EC37EDEE2919D81FFB719C02B563759AFDD42ED469684A67694F33EA386267E9188FD2FB4AC7A0085DA563D8859ED231EC6A47E968659A3A4AA79959EB129D0627757E5AA10677774E463A9D623EA97F738B4990E161F8C18632A59F728C9A3F9E9B546BAC9C78098EEB67AC0AF9BB6D3A94ABEF239ADD46B50359CB662FD257F6B1F426964D013BEDF67A1DFFB055365ECF3D3E804EC3D7758FB2E565786BE37E3B88ED2BF25E760DEA6D3296EFEBEA57B9B606C1E2D325BB141F6266DEE232AC46BBBBF03AFB074DF0DBE82D34E1F2916ED88EB64313F0563A124DC07C08411DFAE5DA156583B5B4181A2E878E66BFD7694A94CC696FAEDBC976B6D27B38664392EBD95B14B7D361A8974958A413FEC51E1664095A3510FCDFEFC1D097625C3D67811FE32AD82A1255539474FE0A52C03278F036A5E811F8940DFB9090FC6F69FD0AC28C4D79173DC060816F329A64946D19460FB23278C86E5B3F6FA394659EDD24F95FA1DAC6169898883F426EF00F190A835AEE4BC323C402C1EF82F2C1C86D49F9C371B5A991AE63DC13A8545F7D85DDC128091918B9C14BF00CC7C8C6FCF567B802FEA6AA76D941BA0D21AB7D7681C02A051129311A7EF693F97010ADBFFB0791644C7EB84A0000, N'6.1.3-40302')
GO
GO
INSERT INTO [dbo].[__MigrationHistory] ([MigrationId], [ContextKey], [Model], [ProductVersion]) VALUES (N'201701301207515_AutomaticMigration', N'Biz.Migrations.Configuration', 0x1F8B0800000000000400ED5C6D6FE43410FE8EC47F88F2095069DA9E90A0DA051DED15ADA0EDA9DB3BF1AD7213776B91382176AA5D10BF8C0FFC24FE02765EFD9AD7EE76EF3821A1DBB1E7F178663C1E67E6EEDFBFFF99FDB08E42E709A604C578EE1E1F1EB90EC47E1C20BC9ABB197DF8FA5BF787EF3FFF6CF62688D6CEFB6ADE2B3E8F716232771F294D4E3D8FF88F3002E430427E1A93F8811EFA71E48120F64E8E8EBEF38E8F3DC8205C86E538B39B0C5314C1FC07FB7916631F263403E1651CC090947436B2CC519D2B104192001FCEDD1FD11FAEF33A44802DBD84E183EB008C630A2813ECF41D814B9AC678B54C180184B79B04B2790F2024B014F8B499DE57F6A3132EBBD73056507E46681C0D043C7E552AC353D947A9D4AD95C5D4F586A9956EF8AE7395CDDD7344688A7CEA3AEA62A76761CA27E61A3D2C180FABE9070E231ED4F6666EC1FF3B70CEB29066299C6398D1148407CEDBEC3E44FECF70731BFF06F11C6761280AC4446263128191DEA6710253BAB9810FA59828701D4FE6F354C69A4DE02936B0C0F4D589EB5CB1C5C17D086B7B0B9B5DD238853F410C534061F016500A5366AE4500F38D6BAB2B6B25206513EFBA976C87C1ECFF1502F35376C65CE712AC7F8178451FE7EE37EC505DA0350C2A4209FA0E237622190F4D3338785112A77488D833AFF1A256DFBA88D32C225D9E55CCDAB5432D4638D462870E5568E516D1B0CD21D81F9FC523AEC0135AE5722B62BC8D09F38D1B18E683E4112545503DE4037795812FD238BA89C3727E49BEBB05E90A72CF8AF5B1659CA5FE58BF2A846AF72A3EE7934FC96BEDCA9B8CAE7CD7BDD376187675A7D35158264199B676AF8533E661BF5D65D144F153C84C7F8B9A6BE2BCFE3DFA9057C778DC31AF8EB2E9985721A0AF24B98DED8294C38A1C856318C528864C52F40E36E59AEDD1269FF429DCC86B654C291D09CD96CE1A5F390184EC7EE514AEE8A8C3A9E0701F9E16298232539F1A30095C4F0380EB641AC03D4AE96300369395FA084190B0643705E8052E0084D9C333C8FCAD9F87DEA1ED0626E1A62BB4E5933E85363D2DFEBF2734B9633C732662BFFFF3D5F40440206B198038362405784D48ECA35C00D1DC651624EFE40D0E9C9694A8304995BF30ABB0F382127642D8B273F72B4D3166B8FA21D5C05529990C78ECAA47EB1A9FC31052E8BCF68BEF4F6780F820D04DC27411C814761A21FFA88140C87C8CF0A889A97E7411F6510242BBD80A4BCFF3CE45AAC1D591739840CC8FAA5DF77D56151E26FAE2F51A8A9EBAD432F304FFE9E156854BB7BA81E2DE139D4A3E10025A79B8F6D2A524A177E55192DEFB2CDA44F417F1273146DA5CC018301B1F285382FE2E650AB2FBEF5306A977E05406DDEF9D571557224F2A18074CAB2AC1BD214D6472959922295308D54938D41252E545E23ACDBD5BBA495385D01C4DC6A8EE3D0DA11AE8E02F22A6C65D903B784B5FD6984B7A077779B234EE92AE700BD69185AF3FC608330CDF6A544769CF536A592B05698ED69E9808FC163B78F286FA6EB654AD65AF8648D775790EDEA91CD90476B3D587EF534A6CF58D5A637A6754176435FA5867189FB0D92AB5AEE34853B0F58A8A6D55D9F52CA5DDD9254812F692114ABD25C5591675DEB3AF97C3EBA15181E1F9C45016ADA5AD5762AF44B082CA287F7305F002A584B2270FB807FC85731644DA3416352D31A15A40098CBA7DAA605131F03F174CFC6D7E6E616C9475C1E48FF80D943F78058BDA59F3A23A08416A28A79EC56116615B49B68D5B28908A2002B93F56F15151842928FD118A92A7885050748499A76852BB82352369198B6CF45E2E610DE3ED0E6166EBE10E36469B02178A1D4DD9899D5B2A6E8A30D2C0DE1823BF29869AC2C4D4C31066B6ED98C16000ABEADB4D79A70AD2F2B4B6633589AE08654F7FED48F5473111A8260EC0A98B7612504D1D802414EE242C81BE370E6F4B37DA3DDEC8D5C3E52D7CDBF1F9A628256234D46148459149452AA8FD91EAA291085413FBE314452311A4A0F447108B46228E481F70CBF2D29174C972427FFEBC7224F2E784FEFC4DE1480469A8FD91E4CA9188268FF44714AA415252D590F7261A14AF87A1D1C0C8D5231A58F8B6130DEA3A8E0851133FE49B4BA8CE4801A121EFD8BFB427A13AA55EBD7E1A2A4FC059F91CEB6E01D6DE67C514D7614A7A42017F9B2D3784C2E8904F385CFE1EB22B3D577035E11260F400092DCA98EEC9D1F189D254BC3F0DBE1E21416878CE9ABA7C657BEDA0F51671AD76565B07961EB56EDB7C9509BDB6F809A4FE2348B56EDB09ADB4DD320D6DA41D61BC6985F4AD18CFD0D95AA9FF8B08ACBF7C2EA5E92FA90F5665A39565D3FE9D22B0F66D7F8103B89EBB7FE65CA7CEE2D7BB9AF1C0B94E59843C758E9CBF26F73CF45DBDE29BB4B8D22A314D916A3FE79810A4777306EC37EDEEA118D8BDF8719C02B59F709AFDD41EC169684ADF5F4F33EA3862DFDF188FD2BBFEC6A0083D7F63D8858EBF31EC6ABFDF68659AFAFDA69959EBE1DBCACD6578027DB08756E9941BE30F1FCF9DA1B5CC4D0CF7E33AD5AA12ED6EDBC9E4BAEA8836A6518D1ED682C8563A863E96AEB3B2DCBBD33E9E97F10FDB37EB97738F0FA087EC65DDA36C6618DEB4B6DF0E62FB5EBA97FD607A0384E54BB2FAFDA9ADF5ABF848C72EC5FB9899B7B80CABD1EEFEAACECE3013FC73748D9970F948376C47439909F8597ACD4CC07C08411D7A7B8D68B2C15A9AC70C9743471BD7CBB49B49E6B4B74DED643BCFD25536664392EBD99BCF9EA7774C2F08B04827FCCB212CC812B46A20F8BF2382A12FC5B87ACE023FC455B05524AAA628E9FC25A48065F0E0754AD103F0291BF62121F9DFBF790FC28C4D7913DDC36081AF339A64946D1946F7B23278C86E5B3F6F9093659E5D27F95F8E798E2D3031117F845CE31F331406B5DC178647880582DF05E58391DB92F287E36A53235DC5B82750A9BEFA0ABB8551123230728D97E0098E918DF9EB2F7005FC4D55D7B183741B4256FBEC1C81550A22526234FCEC27F3E1205A7FFF1FCC51F2D340470000, N'6.1.3-40302')
GO
GO

-- ----------------------------
-- Table structure for Districts
-- ----------------------------
DROP TABLE [dbo].[Districts]
GO
CREATE TABLE [dbo].[Districts] (
[id] int NOT NULL IDENTITY(1,1) ,
[parent_id] int NOT NULL ,
[name] nvarchar(50) NOT NULL ,
[sort] int NOT NULL 
)


GO
DBCC CHECKIDENT(N'[dbo].[Districts]', RESEED, 3411)
GO

-- ----------------------------
-- Records of Districts
-- ----------------------------
SET IDENTITY_INSERT [dbo].[Districts] ON
GO
INSERT INTO [dbo].[Districts] ([id], [parent_id], [name], [sort]) VALUES (N'100', N'0', N'', N'1')
GO
GO
INSERT INTO [dbo].[Districts] ([id], [parent_id], [name], [sort]) VALUES (N'101', N'100', N'', N'1')
GO
GO
INSERT INTO [dbo].[Districts] ([id], [parent_id], [name], [sort]) VALUES (N'102', N'100', N'', N'1')
GO
GO
INSERT INTO [dbo].[Districts] ([id], [parent_id], [name], [sort]) VALUES (N'103', N'100', N'', N'1')
GO
GO
INSERT INTO [dbo].[Districts] ([id], [parent_id], [name], [sort]) VALUES (N'104', N'100', N'', N'1')
GO
GO
INSERT INTO [dbo].[Districts] ([id], [parent_id], [name], [sort]) VALUES (N'105', N'100', N'', N'1')
GO
GO
INSERT INTO [dbo].[Districts] ([id], [parent_id], [name], [sort]) VALUES (N'106', N'100', N'', N'1')
GO
GO
INSERT INTO [dbo].[Districts] ([id], [parent_id], [name], [sort]) VALUES (N'107', N'100', N'', N'1')
GO
GO
INSERT INTO [dbo].[Districts] ([id], [parent_id], [name], [sort]) VALUES (N'108', N'100', N'', N'1')
GO
GO
INSERT INTO [dbo].[Districts] ([id], [parent_id], [name], [sort]) VALUES (N'109', N'100', N'', N'1')
GO
GO
INSERT INTO [dbo].[Districts] ([id], [parent_id], [name], [sort]) VALUES (N'110', N'100', N'', N'1')
GO
GO
INSERT INTO [dbo].[Districts] ([id], [parent_id], [name], [sort]) VALUES (N'111', N'100', N'', N'1')
GO
GO
INSERT INTO [dbo].[Districts] ([id], [parent_id], [name], [sort]) VALUES (N'112', N'100', N'', N'1')
GO
GO
INSERT INTO [dbo].[Districts] ([id], [parent_id], [name], [sort]) VALUES (N'113', N'100', N'', N'1')
GO
GO
INSERT INTO [dbo].[Districts] ([id], [parent_id], [name], [sort]) VALUES (N'114', N'100', N'', N'1')
GO
GO
INSERT INTO [dbo].[Districts] ([id], [parent_id], [name], [sort]) VALUES (N'115', N'100', N'', N'1')
GO
GO
INSERT INTO [dbo].[Districts] ([id], [parent_id], [name], [sort]) VALUES (N'116', N'100', N'', N'1')
GO
GO
INSERT INTO [dbo].[Districts] ([id], [parent_id], [name], [sort]) VALUES (N'117', N'100', N'', N'1')
GO
GO
INSERT INTO [dbo].[Districts] ([id], [parent_id], [name], [sort]) VALUES (N'200', N'0', N'', N'2')
GO
GO
INSERT INTO [dbo].[Districts] ([id], [parent_id], [name], [sort]) VALUES (N'300', N'0', N'', N'3')
GO
GO
INSERT INTO [dbo].[Districts] ([id], [parent_id], [name], [sort]) VALUES (N'400', N'0', N'', N'4')
GO
GO
INSERT INTO [dbo].[Districts] ([id], [parent_id], [name], [sort]) VALUES (N'500', N'0', N'', N'5')
GO
GO
INSERT INTO [dbo].[Districts] ([id], [parent_id], [name], [sort]) VALUES (N'501', N'500', N'', N'5')
GO
GO
INSERT INTO [dbo].[Districts] ([id], [parent_id], [name], [sort]) VALUES (N'502', N'500', N'', N'5')
GO
GO
INSERT INTO [dbo].[Districts] ([id], [parent_id], [name], [sort]) VALUES (N'503', N'500', N'', N'5')
GO
GO
INSERT INTO [dbo].[Districts] ([id], [parent_id], [name], [sort]) VALUES (N'504', N'500', N'', N'5')
GO
GO
INSERT INTO [dbo].[Districts] ([id], [parent_id], [name], [sort]) VALUES (N'505', N'500', N'', N'5')
GO
GO
INSERT INTO [dbo].[Districts] ([id], [parent_id], [name], [sort]) VALUES (N'506', N'500', N'', N'5')
GO
GO
INSERT INTO [dbo].[Districts] ([id], [parent_id], [name], [sort]) VALUES (N'507', N'500', N'', N'5')
GO
GO
INSERT INTO [dbo].[Districts] ([id], [parent_id], [name], [sort]) VALUES (N'508', N'500', N'', N'5')
GO
GO
INSERT INTO [dbo].[Districts] ([id], [parent_id], [name], [sort]) VALUES (N'509', N'500', N'', N'5')
GO
GO
INSERT INTO [dbo].[Districts] ([id], [parent_id], [name], [sort]) VALUES (N'600', N'0', N'', N'6')
GO
GO
INSERT INTO [dbo].[Districts] ([id], [parent_id], [name], [sort]) VALUES (N'601', N'600', N'', N'6')
GO
GO
INSERT INTO [dbo].[Districts] ([id], [parent_id], [name], [sort]) VALUES (N'602', N'600', N'', N'6')
GO
GO
INSERT INTO [dbo].[Districts] ([id], [parent_id], [name], [sort]) VALUES (N'603', N'600', N'', N'6')
GO
GO
INSERT INTO [dbo].[Districts] ([id], [parent_id], [name], [sort]) VALUES (N'604', N'600', N'', N'6')
GO
GO
INSERT INTO [dbo].[Districts] ([id], [parent_id], [name], [sort]) VALUES (N'605', N'600', N'', N'6')
GO
GO
INSERT INTO [dbo].[Districts] ([id], [parent_id], [name], [sort]) VALUES (N'606', N'600', N'', N'6')
GO
GO
INSERT INTO [dbo].[Districts] ([id], [parent_id], [name], [sort]) VALUES (N'607', N'600', N'', N'6')
GO
GO
INSERT INTO [dbo].[Districts] ([id], [parent_id], [name], [sort]) VALUES (N'608', N'600', N'', N'6')
GO
GO
INSERT INTO [dbo].[Districts] ([id], [parent_id], [name], [sort]) VALUES (N'609', N'600', N'', N'6')
GO
GO
INSERT INTO [dbo].[Districts] ([id], [parent_id], [name], [sort]) VALUES (N'610', N'600', N'', N'6')
GO
GO
INSERT INTO [dbo].[Districts] ([id], [parent_id], [name], [sort]) VALUES (N'611', N'600', N'', N'6')
GO
GO
INSERT INTO [dbo].[Districts] ([id], [parent_id], [name], [sort]) VALUES (N'612', N'600', N'', N'6')
GO
GO
INSERT INTO [dbo].[Districts] ([id], [parent_id], [name], [sort]) VALUES (N'613', N'600', N'', N'6')
GO
GO
INSERT INTO [dbo].[Districts] ([id], [parent_id], [name], [sort]) VALUES (N'614', N'600', N'', N'6')
GO
GO
INSERT INTO [dbo].[Districts] ([id], [parent_id], [name], [sort]) VALUES (N'700', N'0', N'', N'7')
GO
GO
INSERT INTO [dbo].[Districts] ([id], [parent_id], [name], [sort]) VALUES (N'701', N'700', N'', N'7')
GO
GO
INSERT INTO [dbo].[Districts] ([id], [parent_id], [name], [sort]) VALUES (N'702', N'700', N'', N'7')
GO
GO
INSERT INTO [dbo].[Districts] ([id], [parent_id], [name], [sort]) VALUES (N'703', N'700', N'', N'7')
GO
GO
INSERT INTO [dbo].[Districts] ([id], [parent_id], [name], [sort]) VALUES (N'704', N'700', N'', N'7')
GO
GO
INSERT INTO [dbo].[Districts] ([id], [parent_id], [name], [sort]) VALUES (N'705', N'700', N'', N'7')
GO
GO
INSERT INTO [dbo].[Districts] ([id], [parent_id], [name], [sort]) VALUES (N'706', N'700', N'', N'7')
GO
GO
INSERT INTO [dbo].[Districts] ([id], [parent_id], [name], [sort]) VALUES (N'707', N'700', N'', N'7')
GO
GO
INSERT INTO [dbo].[Districts] ([id], [parent_id], [name], [sort]) VALUES (N'708', N'700', N'', N'7')
GO
GO
INSERT INTO [dbo].[Districts] ([id], [parent_id], [name], [sort]) VALUES (N'709', N'700', N'', N'7')
GO
GO
INSERT INTO [dbo].[Districts] ([id], [parent_id], [name], [sort]) VALUES (N'710', N'700', N'', N'7')
GO
GO
INSERT INTO [dbo].[Districts] ([id], [parent_id], [name], [sort]) VALUES (N'711', N'700', N'', N'7')
GO
GO
INSERT INTO [dbo].[Districts] ([id], [parent_id], [name], [sort]) VALUES (N'712', N'700', N'', N'7')
GO
GO
INSERT INTO [dbo].[Districts] ([id], [parent_id], [name], [sort]) VALUES (N'713', N'700', N'', N'7')
GO
GO
INSERT INTO [dbo].[Districts] ([id], [parent_id], [name], [sort]) VALUES (N'714', N'700', N'', N'7')
GO
GO
INSERT INTO [dbo].[Districts] ([id], [parent_id], [name], [sort]) VALUES (N'715', N'700', N'', N'7')
GO
GO
INSERT INTO [dbo].[Districts] ([id], [parent_id], [name], [sort]) VALUES (N'716', N'700', N'', N'7')
GO
GO
INSERT INTO [dbo].[Districts] ([id], [parent_id], [name], [sort]) VALUES (N'717', N'700', N'', N'7')
GO
GO
INSERT INTO [dbo].[Districts] ([id], [parent_id], [name], [sort]) VALUES (N'718', N'700', N'', N'7')
GO
GO
INSERT INTO [dbo].[Districts] ([id], [parent_id], [name], [sort]) VALUES (N'719', N'700', N'', N'7')
GO
GO
INSERT INTO [dbo].[Districts] ([id], [parent_id], [name], [sort]) VALUES (N'720', N'700', N'', N'7')
GO
GO
INSERT INTO [dbo].[Districts] ([id], [parent_id], [name], [sort]) VALUES (N'721', N'700', N'', N'7')
GO
GO
INSERT INTO [dbo].[Districts] ([id], [parent_id], [name], [sort]) VALUES (N'800', N'0', N'', N'8')
GO
GO
INSERT INTO [dbo].[Districts] ([id], [parent_id], [name], [sort]) VALUES (N'801', N'800', N'', N'8')
GO
GO
INSERT INTO [dbo].[Districts] ([id], [parent_id], [name], [sort]) VALUES (N'802', N'800', N'', N'8')
GO
GO
INSERT INTO [dbo].[Districts] ([id], [parent_id], [name], [sort]) VALUES (N'803', N'800', N'', N'8')
GO
GO
INSERT INTO [dbo].[Districts] ([id], [parent_id], [name], [sort]) VALUES (N'804', N'800', N'', N'8')
GO
GO
INSERT INTO [dbo].[Districts] ([id], [parent_id], [name], [sort]) VALUES (N'805', N'800', N'', N'8')
GO
GO
INSERT INTO [dbo].[Districts] ([id], [parent_id], [name], [sort]) VALUES (N'806', N'800', N'', N'8')
GO
GO
INSERT INTO [dbo].[Districts] ([id], [parent_id], [name], [sort]) VALUES (N'807', N'800', N'', N'8')
GO
GO
INSERT INTO [dbo].[Districts] ([id], [parent_id], [name], [sort]) VALUES (N'808', N'800', N'', N'8')
GO
GO
INSERT INTO [dbo].[Districts] ([id], [parent_id], [name], [sort]) VALUES (N'809', N'800', N'', N'8')
GO
GO
INSERT INTO [dbo].[Districts] ([id], [parent_id], [name], [sort]) VALUES (N'810', N'800', N'', N'8')
GO
GO
INSERT INTO [dbo].[Districts] ([id], [parent_id], [name], [sort]) VALUES (N'811', N'800', N'', N'8')
GO
GO
INSERT INTO [dbo].[Districts] ([id], [parent_id], [name], [sort]) VALUES (N'812', N'800', N'', N'8')
GO
GO
INSERT INTO [dbo].[Districts] ([id], [parent_id], [name], [sort]) VALUES (N'813', N'800', N'', N'8')
GO
GO
INSERT INTO [dbo].[Districts] ([id], [parent_id], [name], [sort]) VALUES (N'814', N'800', N'', N'8')
GO
GO
INSERT INTO [dbo].[Districts] ([id], [parent_id], [name], [sort]) VALUES (N'900', N'0', N'', N'9')
GO
GO
INSERT INTO [dbo].[Districts] ([id], [parent_id], [name], [sort]) VALUES (N'901', N'900', N'', N'9')
GO
GO
INSERT INTO [dbo].[Districts] ([id], [parent_id], [name], [sort]) VALUES (N'902', N'900', N'', N'9')
GO
GO
INSERT INTO [dbo].[Districts] ([id], [parent_id], [name], [sort]) VALUES (N'903', N'900', N'', N'9')
GO
GO
INSERT INTO [dbo].[Districts] ([id], [parent_id], [name], [sort]) VALUES (N'904', N'900', N'', N'9')
GO
GO
INSERT INTO [dbo].[Districts] ([id], [parent_id], [name], [sort]) VALUES (N'905', N'900', N'', N'9')
GO
GO
INSERT INTO [dbo].[Districts] ([id], [parent_id], [name], [sort]) VALUES (N'906', N'900', N'', N'9')
GO
GO
INSERT INTO [dbo].[Districts] ([id], [parent_id], [name], [sort]) VALUES (N'907', N'900', N'', N'9')
GO
GO
INSERT INTO [dbo].[Districts] ([id], [parent_id], [name], [sort]) VALUES (N'908', N'900', N'', N'9')
GO
GO
INSERT INTO [dbo].[Districts] ([id], [parent_id], [name], [sort]) VALUES (N'909', N'900', N'', N'9')
GO
GO
INSERT INTO [dbo].[Districts] ([id], [parent_id], [name], [sort]) VALUES (N'910', N'900', N'', N'9')
GO
GO
INSERT INTO [dbo].[Districts] ([id], [parent_id], [name], [sort]) VALUES (N'1000', N'0', N'', N'10')
GO
GO
INSERT INTO [dbo].[Districts] ([id], [parent_id], [name], [sort]) VALUES (N'1001', N'1000', N'', N'10')
GO
GO
INSERT INTO [dbo].[Districts] ([id], [parent_id], [name], [sort]) VALUES (N'1002', N'1000', N'', N'10')
GO
GO
INSERT INTO [dbo].[Districts] ([id], [parent_id], [name], [sort]) VALUES (N'1003', N'1000', N'', N'10')
GO
GO
INSERT INTO [dbo].[Districts] ([id], [parent_id], [name], [sort]) VALUES (N'1004', N'1000', N'', N'10')
GO
GO
INSERT INTO [dbo].[Districts] ([id], [parent_id], [name], [sort]) VALUES (N'1005', N'1000', N'', N'10')
GO
GO
INSERT INTO [dbo].[Districts] ([id], [parent_id], [name], [sort]) VALUES (N'1006', N'1000', N'', N'10')
GO
GO
INSERT INTO [dbo].[Districts] ([id], [parent_id], [name], [sort]) VALUES (N'1007', N'1000', N'', N'10')
GO
GO
INSERT INTO [dbo].[Districts] ([id], [parent_id], [name], [sort]) VALUES (N'1008', N'1000', N'', N'10')
GO
GO
INSERT INTO [dbo].[Districts] ([id], [parent_id], [name], [sort]) VALUES (N'1009', N'1000', N'', N'10')
GO
GO
INSERT INTO [dbo].[Districts] ([id], [parent_id], [name], [sort]) VALUES (N'1010', N'1000', N'', N'10')
GO
GO
INSERT INTO [dbo].[Districts] ([id], [parent_id], [name], [sort]) VALUES (N'1011', N'1000', N'', N'10')
GO
GO
INSERT INTO [dbo].[Districts] ([id], [parent_id], [name], [sort]) VALUES (N'1012', N'1000', N'', N'10')
GO
GO
INSERT INTO [dbo].[Districts] ([id], [parent_id], [name], [sort]) VALUES (N'1013', N'1000', N'', N'10')
GO
GO
INSERT INTO [dbo].[Districts] ([id], [parent_id], [name], [sort]) VALUES (N'1014', N'1000', N'', N'10')
GO
GO
INSERT INTO [dbo].[Districts] ([id], [parent_id], [name], [sort]) VALUES (N'1015', N'1000', N'', N'10')
GO
GO
INSERT INTO [dbo].[Districts] ([id], [parent_id], [name], [sort]) VALUES (N'1016', N'1000', N'', N'10')
GO
GO
INSERT INTO [dbo].[Districts] ([id], [parent_id], [name], [sort]) VALUES (N'1017', N'1000', N'', N'10')
GO
GO
INSERT INTO [dbo].[Districts] ([id], [parent_id], [name], [sort]) VALUES (N'1018', N'1000', N'', N'10')
GO
GO
INSERT INTO [dbo].[Districts] ([id], [parent_id], [name], [sort]) VALUES (N'1019', N'1000', N'', N'10')
GO
GO
INSERT INTO [dbo].[Districts] ([id], [parent_id], [name], [sort]) VALUES (N'1020', N'1000', N'', N'10')
GO
GO
INSERT INTO [dbo].[Districts] ([id], [parent_id], [name], [sort]) VALUES (N'1100', N'0', N'', N'11')
GO
GO
INSERT INTO [dbo].[Districts] ([id], [parent_id], [name], [sort]) VALUES (N'1101', N'1100', N'', N'11')
GO
GO
INSERT INTO [dbo].[Districts] ([id], [parent_id], [name], [sort]) VALUES (N'1102', N'1100', N'', N'11')
GO
GO
INSERT INTO [dbo].[Districts] ([id], [parent_id], [name], [sort]) VALUES (N'1103', N'1100', N'', N'11')
GO
GO
INSERT INTO [dbo].[Districts] ([id], [parent_id], [name], [sort]) VALUES (N'1104', N'1100', N'', N'11')
GO
GO
INSERT INTO [dbo].[Districts] ([id], [parent_id], [name], [sort]) VALUES (N'1105', N'1100', N'', N'11')
GO
GO
INSERT INTO [dbo].[Districts] ([id], [parent_id], [name], [sort]) VALUES (N'1106', N'1100', N'', N'11')
GO
GO
INSERT INTO [dbo].[Districts] ([id], [parent_id], [name], [sort]) VALUES (N'1107', N'1100', N'', N'11')
GO
GO
INSERT INTO [dbo].[Districts] ([id], [parent_id], [name], [sort]) VALUES (N'1108', N'1100', N'', N'11')
GO
GO
INSERT INTO [dbo].[Districts] ([id], [parent_id], [name], [sort]) VALUES (N'1109', N'1100', N'', N'11')
GO
GO
INSERT INTO [dbo].[Districts] ([id], [parent_id], [name], [sort]) VALUES (N'1110', N'1100', N'', N'11')
GO
GO
INSERT INTO [dbo].[Districts] ([id], [parent_id], [name], [sort]) VALUES (N'1111', N'1100', N'', N'11')
GO
GO
INSERT INTO [dbo].[Districts] ([id], [parent_id], [name], [sort]) VALUES (N'1200', N'0', N'', N'12')
GO
GO
INSERT INTO [dbo].[Districts] ([id], [parent_id], [name], [sort]) VALUES (N'1201', N'1200', N'', N'12')
GO
GO
INSERT INTO [dbo].[Districts] ([id], [parent_id], [name], [sort]) VALUES (N'1202', N'1200', N'', N'12')
GO
GO
INSERT INTO [dbo].[Districts] ([id], [parent_id], [name], [sort]) VALUES (N'1203', N'1200', N'', N'12')
GO
GO
INSERT INTO [dbo].[Districts] ([id], [parent_id], [name], [sort]) VALUES (N'1204', N'1200', N'', N'12')
GO
GO
INSERT INTO [dbo].[Districts] ([id], [parent_id], [name], [sort]) VALUES (N'1205', N'1200', N'', N'12')
GO
GO
INSERT INTO [dbo].[Districts] ([id], [parent_id], [name], [sort]) VALUES (N'1206', N'1200', N'', N'12')
GO
GO
INSERT INTO [dbo].[Districts] ([id], [parent_id], [name], [sort]) VALUES (N'1207', N'1200', N'', N'12')
GO
GO
INSERT INTO [dbo].[Districts] ([id], [parent_id], [name], [sort]) VALUES (N'1208', N'1200', N'', N'12')
GO
GO
INSERT INTO [dbo].[Districts] ([id], [parent_id], [name], [sort]) VALUES (N'1209', N'1200', N'', N'12')
GO
GO
INSERT INTO [dbo].[Districts] ([id], [parent_id], [name], [sort]) VALUES (N'1210', N'1200', N'', N'12')
GO
GO
INSERT INTO [dbo].[Districts] ([id], [parent_id], [name], [sort]) VALUES (N'1211', N'1200', N'', N'12')
GO
GO
INSERT INTO [dbo].[Districts] ([id], [parent_id], [name], [sort]) VALUES (N'1212', N'1200', N'', N'12')
GO
GO
INSERT INTO [dbo].[Districts] ([id], [parent_id], [name], [sort]) VALUES (N'1213', N'1200', N'', N'12')
GO
GO
INSERT INTO [dbo].[Districts] ([id], [parent_id], [name], [sort]) VALUES (N'1214', N'1200', N'', N'12')
GO
GO
INSERT INTO [dbo].[Districts] ([id], [parent_id], [name], [sort]) VALUES (N'1215', N'1200', N'', N'12')
GO
GO
INSERT INTO [dbo].[Districts] ([id], [parent_id], [name], [sort]) VALUES (N'1216', N'1200', N'', N'12')
GO
GO
INSERT INTO [dbo].[Districts] ([id], [parent_id], [name], [sort]) VALUES (N'1217', N'1200', N'', N'12')
GO
GO
INSERT INTO [dbo].[Districts] ([id], [parent_id], [name], [sort]) VALUES (N'1218', N'1200', N'', N'12')
GO
GO
INSERT INTO [dbo].[Districts] ([id], [parent_id], [name], [sort]) VALUES (N'1300', N'0', N'', N'13')
GO
GO
INSERT INTO [dbo].[Districts] ([id], [parent_id], [name], [sort]) VALUES (N'1301', N'1300', N'', N'13')
GO
GO
INSERT INTO [dbo].[Districts] ([id], [parent_id], [name], [sort]) VALUES (N'1302', N'1300', N'', N'13')
GO
GO
INSERT INTO [dbo].[Districts] ([id], [parent_id], [name], [sort]) VALUES (N'1303', N'1300', N'', N'13')
GO
GO
INSERT INTO [dbo].[Districts] ([id], [parent_id], [name], [sort]) VALUES (N'1304', N'1300', N'', N'13')
GO
GO
INSERT INTO [dbo].[Districts] ([id], [parent_id], [name], [sort]) VALUES (N'1305', N'1300', N'', N'13')
GO
GO
INSERT INTO [dbo].[Districts] ([id], [parent_id], [name], [sort]) VALUES (N'1306', N'1300', N'', N'13')
GO
GO
INSERT INTO [dbo].[Districts] ([id], [parent_id], [name], [sort]) VALUES (N'1307', N'1300', N'', N'13')
GO
GO
INSERT INTO [dbo].[Districts] ([id], [parent_id], [name], [sort]) VALUES (N'1308', N'1300', N'', N'13')
GO
GO
INSERT INTO [dbo].[Districts] ([id], [parent_id], [name], [sort]) VALUES (N'1309', N'1300', N'', N'13')
GO
GO
INSERT INTO [dbo].[Districts] ([id], [parent_id], [name], [sort]) VALUES (N'1310', N'1300', N'', N'13')
GO
GO
INSERT INTO [dbo].[Districts] ([id], [parent_id], [name], [sort]) VALUES (N'1311', N'1300', N'', N'13')
GO
GO
INSERT INTO [dbo].[Districts] ([id], [parent_id], [name], [sort]) VALUES (N'1312', N'1300', N'', N'13')
GO
GO
INSERT INTO [dbo].[Districts] ([id], [parent_id], [name], [sort]) VALUES (N'1313', N'1300', N'', N'13')
GO
GO
INSERT INTO [dbo].[Districts] ([id], [parent_id], [name], [sort]) VALUES (N'1400', N'0', N'', N'14')
GO
GO
INSERT INTO [dbo].[Districts] ([id], [parent_id], [name], [sort]) VALUES (N'1401', N'1400', N'', N'14')
GO
GO
INSERT INTO [dbo].[Districts] ([id], [parent_id], [name], [sort]) VALUES (N'1402', N'1400', N'', N'14')
GO
GO
INSERT INTO [dbo].[Districts] ([id], [parent_id], [name], [sort]) VALUES (N'1403', N'1400', N'', N'14')
GO
GO
INSERT INTO [dbo].[Districts] ([id], [parent_id], [name], [sort]) VALUES (N'1404', N'1400', N'', N'14')
GO
GO
INSERT INTO [dbo].[Districts] ([id], [parent_id], [name], [sort]) VALUES (N'1405', N'1400', N'', N'14')
GO
GO
INSERT INTO [dbo].[Districts] ([id], [parent_id], [name], [sort]) VALUES (N'1406', N'1400', N'', N'14')
GO
GO
INSERT INTO [dbo].[Districts] ([id], [parent_id], [name], [sort]) VALUES (N'1407', N'1400', N'', N'14')
GO
GO
INSERT INTO [dbo].[Districts] ([id], [parent_id], [name], [sort]) VALUES (N'1408', N'1400', N'', N'14')
GO
GO
INSERT INTO [dbo].[Districts] ([id], [parent_id], [name], [sort]) VALUES (N'1409', N'1400', N'', N'14')
GO
GO
INSERT INTO [dbo].[Districts] ([id], [parent_id], [name], [sort]) VALUES (N'1410', N'1400', N'', N'14')
GO
GO
INSERT INTO [dbo].[Districts] ([id], [parent_id], [name], [sort]) VALUES (N'1411', N'1400', N'', N'14')
GO
GO
INSERT INTO [dbo].[Districts] ([id], [parent_id], [name], [sort]) VALUES (N'1412', N'1400', N'', N'14')
GO
GO
INSERT INTO [dbo].[Districts] ([id], [parent_id], [name], [sort]) VALUES (N'1413', N'1400', N'', N'14')
GO
GO
INSERT INTO [dbo].[Districts] ([id], [parent_id], [name], [sort]) VALUES (N'1414', N'1400', N'', N'14')
GO
GO
INSERT INTO [dbo].[Districts] ([id], [parent_id], [name], [sort]) VALUES (N'1415', N'1400', N'', N'14')
GO
GO
INSERT INTO [dbo].[Districts] ([id], [parent_id], [name], [sort]) VALUES (N'1416', N'1400', N'', N'14')
GO
GO
INSERT INTO [dbo].[Districts] ([id], [parent_id], [name], [sort]) VALUES (N'1417', N'1400', N'', N'14')
GO
GO
INSERT INTO [dbo].[Districts] ([id], [parent_id], [name], [sort]) VALUES (N'1500', N'0', N'', N'15')
GO
GO
INSERT INTO [dbo].[Districts] ([id], [parent_id], [name], [sort]) VALUES (N'1501', N'1500', N'', N'15')
GO
GO
INSERT INTO [dbo].[Districts] ([id], [parent_id], [name], [sort]) VALUES (N'1502', N'1500', N'', N'15')
GO
GO
INSERT INTO [dbo].[Districts] ([id], [parent_id], [name], [sort]) VALUES (N'1503', N'1500', N'', N'15')
GO
GO
INSERT INTO [dbo].[Districts] ([id], [parent_id], [name], [sort]) VALUES (N'1504', N'1500', N'', N'15')
GO
GO
INSERT INTO [dbo].[Districts] ([id], [parent_id], [name], [sort]) VALUES (N'1505', N'1500', N'', N'15')
GO
GO
INSERT INTO [dbo].[Districts] ([id], [parent_id], [name], [sort]) VALUES (N'1506', N'1500', N'', N'15')
GO
GO
INSERT INTO [dbo].[Districts] ([id], [parent_id], [name], [sort]) VALUES (N'1507', N'1500', N'', N'15')
GO
GO
INSERT INTO [dbo].[Districts] ([id], [parent_id], [name], [sort]) VALUES (N'1508', N'1500', N'', N'15')
GO
GO
INSERT INTO [dbo].[Districts] ([id], [parent_id], [name], [sort]) VALUES (N'1509', N'1500', N'', N'15')
GO
GO
INSERT INTO [dbo].[Districts] ([id], [parent_id], [name], [sort]) VALUES (N'1510', N'1500', N'', N'15')
GO
GO
INSERT INTO [dbo].[Districts] ([id], [parent_id], [name], [sort]) VALUES (N'1511', N'1500', N'', N'15')
GO
GO
INSERT INTO [dbo].[Districts] ([id], [parent_id], [name], [sort]) VALUES (N'1512', N'1500', N'', N'15')
GO
GO
INSERT INTO [dbo].[Districts] ([id], [parent_id], [name], [sort]) VALUES (N'1513', N'1500', N'', N'15')
GO
GO
INSERT INTO [dbo].[Districts] ([id], [parent_id], [name], [sort]) VALUES (N'1514', N'1500', N'', N'15')
GO
GO
INSERT INTO [dbo].[Districts] ([id], [parent_id], [name], [sort]) VALUES (N'1515', N'1500', N'', N'15')
GO
GO
INSERT INTO [dbo].[Districts] ([id], [parent_id], [name], [sort]) VALUES (N'1600', N'0', N'', N'16')
GO
GO
INSERT INTO [dbo].[Districts] ([id], [parent_id], [name], [sort]) VALUES (N'1601', N'1600', N'', N'16')
GO
GO
INSERT INTO [dbo].[Districts] ([id], [parent_id], [name], [sort]) VALUES (N'1602', N'1600', N'', N'16')
GO
GO
INSERT INTO [dbo].[Districts] ([id], [parent_id], [name], [sort]) VALUES (N'1603', N'1600', N'', N'16')
GO
GO
INSERT INTO [dbo].[Districts] ([id], [parent_id], [name], [sort]) VALUES (N'1604', N'1600', N'', N'16')
GO
GO
INSERT INTO [dbo].[Districts] ([id], [parent_id], [name], [sort]) VALUES (N'1605', N'1600', N'', N'16')
GO
GO
INSERT INTO [dbo].[Districts] ([id], [parent_id], [name], [sort]) VALUES (N'1606', N'1600', N'', N'16')
GO
GO
INSERT INTO [dbo].[Districts] ([id], [parent_id], [name], [sort]) VALUES (N'1607', N'1600', N'', N'16')
GO
GO
INSERT INTO [dbo].[Districts] ([id], [parent_id], [name], [sort]) VALUES (N'1608', N'1600', N'', N'16')
GO
GO
INSERT INTO [dbo].[Districts] ([id], [parent_id], [name], [sort]) VALUES (N'1609', N'1600', N'', N'16')
GO
GO
INSERT INTO [dbo].[Districts] ([id], [parent_id], [name], [sort]) VALUES (N'1700', N'0', N'', N'17')
GO
GO
INSERT INTO [dbo].[Districts] ([id], [parent_id], [name], [sort]) VALUES (N'1701', N'1700', N'', N'17')
GO
GO
INSERT INTO [dbo].[Districts] ([id], [parent_id], [name], [sort]) VALUES (N'1702', N'1700', N'', N'17')
GO
GO
INSERT INTO [dbo].[Districts] ([id], [parent_id], [name], [sort]) VALUES (N'1703', N'1700', N'', N'17')
GO
GO
INSERT INTO [dbo].[Districts] ([id], [parent_id], [name], [sort]) VALUES (N'1704', N'1700', N'', N'17')
GO
GO
INSERT INTO [dbo].[Districts] ([id], [parent_id], [name], [sort]) VALUES (N'1705', N'1700', N'', N'17')
GO
GO
INSERT INTO [dbo].[Districts] ([id], [parent_id], [name], [sort]) VALUES (N'1706', N'1700', N'', N'17')
GO
GO
INSERT INTO [dbo].[Districts] ([id], [parent_id], [name], [sort]) VALUES (N'1707', N'1700', N'', N'17')
GO
GO
INSERT INTO [dbo].[Districts] ([id], [parent_id], [name], [sort]) VALUES (N'1708', N'1700', N'', N'17')
GO
GO
INSERT INTO [dbo].[Districts] ([id], [parent_id], [name], [sort]) VALUES (N'1709', N'1700', N'', N'17')
GO
GO
INSERT INTO [dbo].[Districts] ([id], [parent_id], [name], [sort]) VALUES (N'1710', N'1700', N'', N'17')
GO
GO
INSERT INTO [dbo].[Districts] ([id], [parent_id], [name], [sort]) VALUES (N'1711', N'1700', N'', N'17')
GO
GO
INSERT INTO [dbo].[Districts] ([id], [parent_id], [name], [sort]) VALUES (N'1712', N'1700', N'', N'17')
GO
GO
INSERT INTO [dbo].[Districts] ([id], [parent_id], [name], [sort]) VALUES (N'1713', N'1700', N'', N'17')
GO
GO
INSERT INTO [dbo].[Districts] ([id], [parent_id], [name], [sort]) VALUES (N'1800', N'0', N'', N'18')
GO
GO
INSERT INTO [dbo].[Districts] ([id], [parent_id], [name], [sort]) VALUES (N'1801', N'1800', N'', N'18')
GO
GO
INSERT INTO [dbo].[Districts] ([id], [parent_id], [name], [sort]) VALUES (N'1802', N'1800', N'', N'18')
GO
GO
INSERT INTO [dbo].[Districts] ([id], [parent_id], [name], [sort]) VALUES (N'1803', N'1800', N'', N'18')
GO
GO
INSERT INTO [dbo].[Districts] ([id], [parent_id], [name], [sort]) VALUES (N'1804', N'1800', N'', N'18')
GO
GO
INSERT INTO [dbo].[Districts] ([id], [parent_id], [name], [sort]) VALUES (N'1805', N'1800', N'', N'18')
GO
GO
INSERT INTO [dbo].[Districts] ([id], [parent_id], [name], [sort]) VALUES (N'1806', N'1800', N'', N'18')
GO
GO
INSERT INTO [dbo].[Districts] ([id], [parent_id], [name], [sort]) VALUES (N'1807', N'1800', N'', N'18')
GO
GO
INSERT INTO [dbo].[Districts] ([id], [parent_id], [name], [sort]) VALUES (N'1808', N'1800', N'', N'18')
GO
GO
INSERT INTO [dbo].[Districts] ([id], [parent_id], [name], [sort]) VALUES (N'1809', N'1800', N'', N'18')
GO
GO
INSERT INTO [dbo].[Districts] ([id], [parent_id], [name], [sort]) VALUES (N'1810', N'1800', N'', N'18')
GO
GO
INSERT INTO [dbo].[Districts] ([id], [parent_id], [name], [sort]) VALUES (N'1811', N'1800', N'', N'18')
GO
GO
INSERT INTO [dbo].[Districts] ([id], [parent_id], [name], [sort]) VALUES (N'1900', N'0', N'', N'19')
GO
GO
INSERT INTO [dbo].[Districts] ([id], [parent_id], [name], [sort]) VALUES (N'1901', N'1900', N'', N'19')
GO
GO
INSERT INTO [dbo].[Districts] ([id], [parent_id], [name], [sort]) VALUES (N'1902', N'1900', N'', N'19')
GO
GO
INSERT INTO [dbo].[Districts] ([id], [parent_id], [name], [sort]) VALUES (N'1903', N'1900', N'', N'19')
GO
GO
INSERT INTO [dbo].[Districts] ([id], [parent_id], [name], [sort]) VALUES (N'1904', N'1900', N'', N'19')
GO
GO
INSERT INTO [dbo].[Districts] ([id], [parent_id], [name], [sort]) VALUES (N'1905', N'1900', N'', N'19')
GO
GO
INSERT INTO [dbo].[Districts] ([id], [parent_id], [name], [sort]) VALUES (N'1906', N'1900', N'', N'19')
GO
GO
INSERT INTO [dbo].[Districts] ([id], [parent_id], [name], [sort]) VALUES (N'1907', N'1900', N'', N'19')
GO
GO
INSERT INTO [dbo].[Districts] ([id], [parent_id], [name], [sort]) VALUES (N'1908', N'1900', N'', N'19')
GO
GO
INSERT INTO [dbo].[Districts] ([id], [parent_id], [name], [sort]) VALUES (N'1909', N'1900', N'', N'19')
GO
GO
INSERT INTO [dbo].[Districts] ([id], [parent_id], [name], [sort]) VALUES (N'1910', N'1900', N'', N'19')
GO
GO
INSERT INTO [dbo].[Districts] ([id], [parent_id], [name], [sort]) VALUES (N'1911', N'1900', N'', N'19')
GO
GO
INSERT INTO [dbo].[Districts] ([id], [parent_id], [name], [sort]) VALUES (N'1912', N'1900', N'', N'19')
GO
GO
INSERT INTO [dbo].[Districts] ([id], [parent_id], [name], [sort]) VALUES (N'1913', N'1900', N'', N'19')
GO
GO
INSERT INTO [dbo].[Districts] ([id], [parent_id], [name], [sort]) VALUES (N'1914', N'1900', N'', N'19')
GO
GO
INSERT INTO [dbo].[Districts] ([id], [parent_id], [name], [sort]) VALUES (N'2000', N'0', N'', N'20')
GO
GO
INSERT INTO [dbo].[Districts] ([id], [parent_id], [name], [sort]) VALUES (N'2001', N'2000', N'', N'20')
GO
GO
INSERT INTO [dbo].[Districts] ([id], [parent_id], [name], [sort]) VALUES (N'2002', N'2000', N'', N'20')
GO
GO
INSERT INTO [dbo].[Districts] ([id], [parent_id], [name], [sort]) VALUES (N'2003', N'2000', N'', N'20')
GO
GO
INSERT INTO [dbo].[Districts] ([id], [parent_id], [name], [sort]) VALUES (N'2004', N'2000', N'', N'20')
GO
GO
INSERT INTO [dbo].[Districts] ([id], [parent_id], [name], [sort]) VALUES (N'2005', N'2000', N'', N'20')
GO
GO
INSERT INTO [dbo].[Districts] ([id], [parent_id], [name], [sort]) VALUES (N'2006', N'2000', N'', N'20')
GO
GO
INSERT INTO [dbo].[Districts] ([id], [parent_id], [name], [sort]) VALUES (N'2007', N'2000', N'', N'20')
GO
GO
INSERT INTO [dbo].[Districts] ([id], [parent_id], [name], [sort]) VALUES (N'2008', N'2000', N'', N'20')
GO
GO
INSERT INTO [dbo].[Districts] ([id], [parent_id], [name], [sort]) VALUES (N'2009', N'2000', N'', N'20')
GO
GO
INSERT INTO [dbo].[Districts] ([id], [parent_id], [name], [sort]) VALUES (N'2010', N'2000', N'', N'20')
GO
GO
INSERT INTO [dbo].[Districts] ([id], [parent_id], [name], [sort]) VALUES (N'2011', N'2000', N'', N'20')
GO
GO
INSERT INTO [dbo].[Districts] ([id], [parent_id], [name], [sort]) VALUES (N'2012', N'2000', N'', N'20')
GO
GO
INSERT INTO [dbo].[Districts] ([id], [parent_id], [name], [sort]) VALUES (N'2100', N'0', N'', N'21')
GO
GO
INSERT INTO [dbo].[Districts] ([id], [parent_id], [name], [sort]) VALUES (N'2101', N'2100', N'', N'21')
GO
GO
INSERT INTO [dbo].[Districts] ([id], [parent_id], [name], [sort]) VALUES (N'2102', N'2100', N'', N'21')
GO
GO
INSERT INTO [dbo].[Districts] ([id], [parent_id], [name], [sort]) VALUES (N'2103', N'2100', N'', N'21')
GO
GO
INSERT INTO [dbo].[Districts] ([id], [parent_id], [name], [sort]) VALUES (N'2104', N'2100', N'', N'21')
GO
GO
INSERT INTO [dbo].[Districts] ([id], [parent_id], [name], [sort]) VALUES (N'2105', N'2100', N'', N'21')
GO
GO
INSERT INTO [dbo].[Districts] ([id], [parent_id], [name], [sort]) VALUES (N'2200', N'0', N'', N'22')
GO
GO
INSERT INTO [dbo].[Districts] ([id], [parent_id], [name], [sort]) VALUES (N'2201', N'2200', N'', N'22')
GO
GO
INSERT INTO [dbo].[Districts] ([id], [parent_id], [name], [sort]) VALUES (N'2202', N'2200', N'', N'22')
GO
GO
INSERT INTO [dbo].[Districts] ([id], [parent_id], [name], [sort]) VALUES (N'2203', N'2200', N'', N'22')
GO
GO
INSERT INTO [dbo].[Districts] ([id], [parent_id], [name], [sort]) VALUES (N'2204', N'2200', N'', N'22')
GO
GO
INSERT INTO [dbo].[Districts] ([id], [parent_id], [name], [sort]) VALUES (N'2205', N'2200', N'', N'22')
GO
GO
INSERT INTO [dbo].[Districts] ([id], [parent_id], [name], [sort]) VALUES (N'2206', N'2200', N'', N'22')
GO
GO
INSERT INTO [dbo].[Districts] ([id], [parent_id], [name], [sort]) VALUES (N'2207', N'2200', N'', N'22')
GO
GO
INSERT INTO [dbo].[Districts] ([id], [parent_id], [name], [sort]) VALUES (N'2208', N'2200', N'', N'22')
GO
GO
INSERT INTO [dbo].[Districts] ([id], [parent_id], [name], [sort]) VALUES (N'2300', N'0', N'', N'23')
GO
GO
INSERT INTO [dbo].[Districts] ([id], [parent_id], [name], [sort]) VALUES (N'2301', N'2300', N'', N'23')
GO
GO
INSERT INTO [dbo].[Districts] ([id], [parent_id], [name], [sort]) VALUES (N'2302', N'2300', N'', N'23')
GO
GO
INSERT INTO [dbo].[Districts] ([id], [parent_id], [name], [sort]) VALUES (N'2303', N'2300', N'', N'23')
GO
GO
INSERT INTO [dbo].[Districts] ([id], [parent_id], [name], [sort]) VALUES (N'2304', N'2300', N'', N'23')
GO
GO
INSERT INTO [dbo].[Districts] ([id], [parent_id], [name], [sort]) VALUES (N'2305', N'2300', N'', N'23')
GO
GO
INSERT INTO [dbo].[Districts] ([id], [parent_id], [name], [sort]) VALUES (N'2306', N'2300', N'', N'23')
GO
GO
INSERT INTO [dbo].[Districts] ([id], [parent_id], [name], [sort]) VALUES (N'2307', N'2300', N'', N'23')
GO
GO
INSERT INTO [dbo].[Districts] ([id], [parent_id], [name], [sort]) VALUES (N'2308', N'2300', N'', N'23')
GO
GO
INSERT INTO [dbo].[Districts] ([id], [parent_id], [name], [sort]) VALUES (N'2309', N'2300', N'', N'23')
GO
GO
INSERT INTO [dbo].[Districts] ([id], [parent_id], [name], [sort]) VALUES (N'2310', N'2300', N'', N'23')
GO
GO
INSERT INTO [dbo].[Districts] ([id], [parent_id], [name], [sort]) VALUES (N'2311', N'2300', N'', N'23')
GO
GO
INSERT INTO [dbo].[Districts] ([id], [parent_id], [name], [sort]) VALUES (N'2312', N'2300', N'', N'23')
GO
GO
INSERT INTO [dbo].[Districts] ([id], [parent_id], [name], [sort]) VALUES (N'2313', N'2300', N'', N'23')
GO
GO
INSERT INTO [dbo].[Districts] ([id], [parent_id], [name], [sort]) VALUES (N'2314', N'2300', N'', N'23')
GO
GO
INSERT INTO [dbo].[Districts] ([id], [parent_id], [name], [sort]) VALUES (N'2315', N'2300', N'', N'23')
GO
GO
INSERT INTO [dbo].[Districts] ([id], [parent_id], [name], [sort]) VALUES (N'2316', N'2300', N'', N'23')
GO
GO
INSERT INTO [dbo].[Districts] ([id], [parent_id], [name], [sort]) VALUES (N'2317', N'2300', N'', N'23')
GO
GO
INSERT INTO [dbo].[Districts] ([id], [parent_id], [name], [sort]) VALUES (N'2400', N'0', N'', N'24')
GO
GO
INSERT INTO [dbo].[Districts] ([id], [parent_id], [name], [sort]) VALUES (N'2401', N'2400', N'', N'24')
GO
GO
INSERT INTO [dbo].[Districts] ([id], [parent_id], [name], [sort]) VALUES (N'2402', N'2400', N'', N'24')
GO
GO
INSERT INTO [dbo].[Districts] ([id], [parent_id], [name], [sort]) VALUES (N'2403', N'2400', N'', N'24')
GO
GO
INSERT INTO [dbo].[Districts] ([id], [parent_id], [name], [sort]) VALUES (N'2404', N'2400', N'', N'24')
GO
GO
INSERT INTO [dbo].[Districts] ([id], [parent_id], [name], [sort]) VALUES (N'2405', N'2400', N'', N'24')
GO
GO
INSERT INTO [dbo].[Districts] ([id], [parent_id], [name], [sort]) VALUES (N'2406', N'2400', N'', N'24')
GO
GO
INSERT INTO [dbo].[Districts] ([id], [parent_id], [name], [sort]) VALUES (N'2407', N'2400', N'', N'24')
GO
GO
INSERT INTO [dbo].[Districts] ([id], [parent_id], [name], [sort]) VALUES (N'2408', N'2400', N'', N'24')
GO
GO
INSERT INTO [dbo].[Districts] ([id], [parent_id], [name], [sort]) VALUES (N'2409', N'2400', N'', N'24')
GO
GO
INSERT INTO [dbo].[Districts] ([id], [parent_id], [name], [sort]) VALUES (N'2410', N'2400', N'', N'24')
GO
GO
INSERT INTO [dbo].[Districts] ([id], [parent_id], [name], [sort]) VALUES (N'2411', N'2400', N'', N'24')
GO
GO
INSERT INTO [dbo].[Districts] ([id], [parent_id], [name], [sort]) VALUES (N'2500', N'0', N'', N'25')
GO
GO
INSERT INTO [dbo].[Districts] ([id], [parent_id], [name], [sort]) VALUES (N'2501', N'2500', N'', N'25')
GO
GO
INSERT INTO [dbo].[Districts] ([id], [parent_id], [name], [sort]) VALUES (N'2502', N'2500', N'', N'25')
GO
GO
INSERT INTO [dbo].[Districts] ([id], [parent_id], [name], [sort]) VALUES (N'2503', N'2500', N'', N'25')
GO
GO
INSERT INTO [dbo].[Districts] ([id], [parent_id], [name], [sort]) VALUES (N'2504', N'2500', N'', N'25')
GO
GO
INSERT INTO [dbo].[Districts] ([id], [parent_id], [name], [sort]) VALUES (N'2505', N'2500', N'', N'25')
GO
GO
INSERT INTO [dbo].[Districts] ([id], [parent_id], [name], [sort]) VALUES (N'2506', N'2500', N'', N'25')
GO
GO
INSERT INTO [dbo].[Districts] ([id], [parent_id], [name], [sort]) VALUES (N'2507', N'2500', N'', N'25')
GO
GO
INSERT INTO [dbo].[Districts] ([id], [parent_id], [name], [sort]) VALUES (N'2508', N'2500', N'', N'25')
GO
GO
INSERT INTO [dbo].[Districts] ([id], [parent_id], [name], [sort]) VALUES (N'2509', N'2500', N'', N'25')
GO
GO
INSERT INTO [dbo].[Districts] ([id], [parent_id], [name], [sort]) VALUES (N'2510', N'2500', N'', N'25')
GO
GO
INSERT INTO [dbo].[Districts] ([id], [parent_id], [name], [sort]) VALUES (N'2511', N'2500', N'', N'25')
GO
GO
INSERT INTO [dbo].[Districts] ([id], [parent_id], [name], [sort]) VALUES (N'2600', N'0', N'', N'26')
GO
GO
INSERT INTO [dbo].[Districts] ([id], [parent_id], [name], [sort]) VALUES (N'2700', N'0', N'', N'27')
GO
GO
INSERT INTO [dbo].[Districts] ([id], [parent_id], [name], [sort]) VALUES (N'2701', N'2700', N'', N'27')
GO
GO
INSERT INTO [dbo].[Districts] ([id], [parent_id], [name], [sort]) VALUES (N'2702', N'2700', N'', N'27')
GO
GO
INSERT INTO [dbo].[Districts] ([id], [parent_id], [name], [sort]) VALUES (N'2703', N'2700', N'', N'27')
GO
GO
INSERT INTO [dbo].[Districts] ([id], [parent_id], [name], [sort]) VALUES (N'2704', N'2700', N'', N'27')
GO
GO
INSERT INTO [dbo].[Districts] ([id], [parent_id], [name], [sort]) VALUES (N'2705', N'2700', N'', N'27')
GO
GO
INSERT INTO [dbo].[Districts] ([id], [parent_id], [name], [sort]) VALUES (N'2706', N'2700', N'', N'27')
GO
GO
INSERT INTO [dbo].[Districts] ([id], [parent_id], [name], [sort]) VALUES (N'2707', N'2700', N'', N'27')
GO
GO
INSERT INTO [dbo].[Districts] ([id], [parent_id], [name], [sort]) VALUES (N'2708', N'2700', N'', N'27')
GO
GO
INSERT INTO [dbo].[Districts] ([id], [parent_id], [name], [sort]) VALUES (N'2709', N'2700', N'', N'27')
GO
GO
INSERT INTO [dbo].[Districts] ([id], [parent_id], [name], [sort]) VALUES (N'2710', N'2700', N'', N'27')
GO
GO
INSERT INTO [dbo].[Districts] ([id], [parent_id], [name], [sort]) VALUES (N'2711', N'2700', N'', N'27')
GO
GO
INSERT INTO [dbo].[Districts] ([id], [parent_id], [name], [sort]) VALUES (N'2712', N'2700', N'', N'27')
GO
GO
INSERT INTO [dbo].[Districts] ([id], [parent_id], [name], [sort]) VALUES (N'2713', N'2700', N'', N'27')
GO
GO
INSERT INTO [dbo].[Districts] ([id], [parent_id], [name], [sort]) VALUES (N'2714', N'2700', N'', N'27')
GO
GO
INSERT INTO [dbo].[Districts] ([id], [parent_id], [name], [sort]) VALUES (N'2715', N'2700', N'', N'27')
GO
GO
INSERT INTO [dbo].[Districts] ([id], [parent_id], [name], [sort]) VALUES (N'2716', N'2700', N'', N'27')
GO
GO
INSERT INTO [dbo].[Districts] ([id], [parent_id], [name], [sort]) VALUES (N'2717', N'2700', N'', N'27')
GO
GO
INSERT INTO [dbo].[Districts] ([id], [parent_id], [name], [sort]) VALUES (N'2718', N'2700', N'', N'27')
GO
GO
INSERT INTO [dbo].[Districts] ([id], [parent_id], [name], [sort]) VALUES (N'2719', N'2700', N'', N'27')
GO
GO
INSERT INTO [dbo].[Districts] ([id], [parent_id], [name], [sort]) VALUES (N'2720', N'2700', N'', N'27')
GO
GO
INSERT INTO [dbo].[Districts] ([id], [parent_id], [name], [sort]) VALUES (N'2721', N'2700', N'', N'27')
GO
GO
INSERT INTO [dbo].[Districts] ([id], [parent_id], [name], [sort]) VALUES (N'2800', N'0', N'', N'28')
GO
GO
INSERT INTO [dbo].[Districts] ([id], [parent_id], [name], [sort]) VALUES (N'2900', N'0', N'', N'29')
GO
GO
INSERT INTO [dbo].[Districts] ([id], [parent_id], [name], [sort]) VALUES (N'3000', N'0', N'', N'30')
GO
GO
INSERT INTO [dbo].[Districts] ([id], [parent_id], [name], [sort]) VALUES (N'3001', N'3000', N'', N'30')
GO
GO
INSERT INTO [dbo].[Districts] ([id], [parent_id], [name], [sort]) VALUES (N'3002', N'3000', N'', N'30')
GO
GO
INSERT INTO [dbo].[Districts] ([id], [parent_id], [name], [sort]) VALUES (N'3003', N'3000', N'', N'30')
GO
GO
INSERT INTO [dbo].[Districts] ([id], [parent_id], [name], [sort]) VALUES (N'3004', N'3000', N'', N'30')
GO
GO
INSERT INTO [dbo].[Districts] ([id], [parent_id], [name], [sort]) VALUES (N'3005', N'3000', N'', N'30')
GO
GO
INSERT INTO [dbo].[Districts] ([id], [parent_id], [name], [sort]) VALUES (N'3006', N'3000', N'', N'30')
GO
GO
INSERT INTO [dbo].[Districts] ([id], [parent_id], [name], [sort]) VALUES (N'3007', N'3000', N'', N'30')
GO
GO
INSERT INTO [dbo].[Districts] ([id], [parent_id], [name], [sort]) VALUES (N'3100', N'0', N'', N'31')
GO
GO
INSERT INTO [dbo].[Districts] ([id], [parent_id], [name], [sort]) VALUES (N'3200', N'0', N'', N'32')
GO
GO
INSERT INTO [dbo].[Districts] ([id], [parent_id], [name], [sort]) VALUES (N'3201', N'3200', N'', N'32')
GO
GO
INSERT INTO [dbo].[Districts] ([id], [parent_id], [name], [sort]) VALUES (N'3202', N'3200', N'', N'32')
GO
GO
INSERT INTO [dbo].[Districts] ([id], [parent_id], [name], [sort]) VALUES (N'3203', N'3200', N'', N'32')
GO
GO
INSERT INTO [dbo].[Districts] ([id], [parent_id], [name], [sort]) VALUES (N'3204', N'3200', N'', N'32')
GO
GO
INSERT INTO [dbo].[Districts] ([id], [parent_id], [name], [sort]) VALUES (N'3205', N'3200', N'', N'32')
GO
GO
INSERT INTO [dbo].[Districts] ([id], [parent_id], [name], [sort]) VALUES (N'3206', N'3200', N'', N'32')
GO
GO
INSERT INTO [dbo].[Districts] ([id], [parent_id], [name], [sort]) VALUES (N'3207', N'3200', N'', N'32')
GO
GO
INSERT INTO [dbo].[Districts] ([id], [parent_id], [name], [sort]) VALUES (N'3208', N'3200', N'', N'32')
GO
GO
INSERT INTO [dbo].[Districts] ([id], [parent_id], [name], [sort]) VALUES (N'3209', N'3200', N'', N'32')
GO
GO
INSERT INTO [dbo].[Districts] ([id], [parent_id], [name], [sort]) VALUES (N'3210', N'3200', N'', N'32')
GO
GO
INSERT INTO [dbo].[Districts] ([id], [parent_id], [name], [sort]) VALUES (N'3211', N'3200', N'', N'32')
GO
GO
INSERT INTO [dbo].[Districts] ([id], [parent_id], [name], [sort]) VALUES (N'3212', N'3200', N'', N'32')
GO
GO
INSERT INTO [dbo].[Districts] ([id], [parent_id], [name], [sort]) VALUES (N'3213', N'3200', N'', N'32')
GO
GO
INSERT INTO [dbo].[Districts] ([id], [parent_id], [name], [sort]) VALUES (N'3214', N'3200', N'', N'32')
GO
GO
INSERT INTO [dbo].[Districts] ([id], [parent_id], [name], [sort]) VALUES (N'3215', N'3200', N'', N'32')
GO
GO
INSERT INTO [dbo].[Districts] ([id], [parent_id], [name], [sort]) VALUES (N'3216', N'3200', N'', N'32')
GO
GO
INSERT INTO [dbo].[Districts] ([id], [parent_id], [name], [sort]) VALUES (N'3300', N'0', N'', N'33')
GO
GO
INSERT INTO [dbo].[Districts] ([id], [parent_id], [name], [sort]) VALUES (N'3301', N'3300', N'', N'33')
GO
GO
INSERT INTO [dbo].[Districts] ([id], [parent_id], [name], [sort]) VALUES (N'3302', N'3300', N'', N'33')
GO
GO
INSERT INTO [dbo].[Districts] ([id], [parent_id], [name], [sort]) VALUES (N'3303', N'3300', N'', N'33')
GO
GO
INSERT INTO [dbo].[Districts] ([id], [parent_id], [name], [sort]) VALUES (N'3304', N'3300', N'', N'33')
GO
GO
INSERT INTO [dbo].[Districts] ([id], [parent_id], [name], [sort]) VALUES (N'3305', N'3300', N'', N'33')
GO
GO
INSERT INTO [dbo].[Districts] ([id], [parent_id], [name], [sort]) VALUES (N'3306', N'3300', N'', N'33')
GO
GO
INSERT INTO [dbo].[Districts] ([id], [parent_id], [name], [sort]) VALUES (N'3307', N'3300', N'', N'33')
GO
GO
INSERT INTO [dbo].[Districts] ([id], [parent_id], [name], [sort]) VALUES (N'3308', N'3300', N'', N'33')
GO
GO
INSERT INTO [dbo].[Districts] ([id], [parent_id], [name], [sort]) VALUES (N'3309', N'3300', N'', N'33')
GO
GO
INSERT INTO [dbo].[Districts] ([id], [parent_id], [name], [sort]) VALUES (N'3310', N'3300', N'', N'33')
GO
GO
INSERT INTO [dbo].[Districts] ([id], [parent_id], [name], [sort]) VALUES (N'3311', N'3300', N'', N'33')
GO
GO
INSERT INTO [dbo].[Districts] ([id], [parent_id], [name], [sort]) VALUES (N'3312', N'3300', N'', N'33')
GO
GO
INSERT INTO [dbo].[Districts] ([id], [parent_id], [name], [sort]) VALUES (N'3313', N'3300', N'', N'33')
GO
GO
INSERT INTO [dbo].[Districts] ([id], [parent_id], [name], [sort]) VALUES (N'3314', N'3300', N'', N'33')
GO
GO
INSERT INTO [dbo].[Districts] ([id], [parent_id], [name], [sort]) VALUES (N'3315', N'3300', N'', N'33')
GO
GO
INSERT INTO [dbo].[Districts] ([id], [parent_id], [name], [sort]) VALUES (N'3316', N'3300', N'', N'33')
GO
GO
INSERT INTO [dbo].[Districts] ([id], [parent_id], [name], [sort]) VALUES (N'3400', N'0', N'', N'34')
GO
GO
INSERT INTO [dbo].[Districts] ([id], [parent_id], [name], [sort]) VALUES (N'3401', N'3400', N'', N'34')
GO
GO
INSERT INTO [dbo].[Districts] ([id], [parent_id], [name], [sort]) VALUES (N'3402', N'3400', N'', N'34')
GO
GO
INSERT INTO [dbo].[Districts] ([id], [parent_id], [name], [sort]) VALUES (N'3403', N'3400', N'', N'34')
GO
GO
INSERT INTO [dbo].[Districts] ([id], [parent_id], [name], [sort]) VALUES (N'3404', N'3400', N'', N'34')
GO
GO
INSERT INTO [dbo].[Districts] ([id], [parent_id], [name], [sort]) VALUES (N'3405', N'3400', N'', N'34')
GO
GO
INSERT INTO [dbo].[Districts] ([id], [parent_id], [name], [sort]) VALUES (N'3406', N'3400', N'', N'34')
GO
GO
INSERT INTO [dbo].[Districts] ([id], [parent_id], [name], [sort]) VALUES (N'3407', N'3400', N'', N'34')
GO
GO
INSERT INTO [dbo].[Districts] ([id], [parent_id], [name], [sort]) VALUES (N'3408', N'3400', N'', N'34')
GO
GO
INSERT INTO [dbo].[Districts] ([id], [parent_id], [name], [sort]) VALUES (N'3409', N'3400', N'', N'34')
GO
GO
INSERT INTO [dbo].[Districts] ([id], [parent_id], [name], [sort]) VALUES (N'3410', N'3400', N'', N'34')
GO
GO
INSERT INTO [dbo].[Districts] ([id], [parent_id], [name], [sort]) VALUES (N'3411', N'3400', N'', N'34')
GO
GO
SET IDENTITY_INSERT [dbo].[Districts] OFF
GO

-- ----------------------------
-- Table structure for Forums
-- ----------------------------
DROP TABLE [dbo].[Forums]
GO
CREATE TABLE [dbo].[Forums] (
[Id] int NOT NULL IDENTITY(1,1) ,
[ForumsTitle] nvarchar(MAX) NOT NULL 
)


GO
DBCC CHECKIDENT(N'[dbo].[Forums]', RESEED, 2)
GO

-- ----------------------------
-- Records of Forums
-- ----------------------------
SET IDENTITY_INSERT [dbo].[Forums] ON
GO
INSERT INTO [dbo].[Forums] ([Id], [ForumsTitle]) VALUES (N'1', N'fdfd')
GO
GO
INSERT INTO [dbo].[Forums] ([Id], [ForumsTitle]) VALUES (N'2', N'fasfdsa')
GO
GO
SET IDENTITY_INSERT [dbo].[Forums] OFF
GO

-- ----------------------------
-- Table structure for Posts
-- ----------------------------
DROP TABLE [dbo].[Posts]
GO
CREATE TABLE [dbo].[Posts] (
[Id] int NOT NULL IDENTITY(1,1) ,
[Forums_Id] int NOT NULL ,
[Users_Id] int NOT NULL ,
[Content] nvarchar(MAX) NOT NULL ,
[CreateTime] datetime NOT NULL ,
[Title] nvarchar(MAX) NOT NULL DEFAULT '' ,
[ClickNum] int NOT NULL DEFAULT ((0)) 
)


GO
DBCC CHECKIDENT(N'[dbo].[Posts]', RESEED, 14)
GO

-- ----------------------------
-- Records of Posts
-- ----------------------------
SET IDENTITY_INSERT [dbo].[Posts] ON
GO
INSERT INTO [dbo].[Posts] ([Id], [Forums_Id], [Users_Id], [Content], [CreateTime], [Title], [ClickNum]) VALUES (N'1', N'2', N'3', N'asdasdsadasd', N'2016-12-05 17:00:01.290', N'adadsasd', N'4')
GO
GO
INSERT INTO [dbo].[Posts] ([Id], [Forums_Id], [Users_Id], [Content], [CreateTime], [Title], [ClickNum]) VALUES (N'2', N'1', N'3', N'afdsafdsasfdasfd', N'2016-12-05 17:00:18.690', N'fadsfads', N'2')
GO
GO
INSERT INTO [dbo].[Posts] ([Id], [Forums_Id], [Users_Id], [Content], [CreateTime], [Title], [ClickNum]) VALUES (N'3', N'1', N'2', N'dffffffffffffffffffffffffffff', N'2016-12-07 09:22:13.157', N'dfssssssssssssss', N'19')
GO
GO
INSERT INTO [dbo].[Posts] ([Id], [Forums_Id], [Users_Id], [Content], [CreateTime], [Title], [ClickNum]) VALUES (N'4', N'2', N'3', N'asdsadasdsadsda', N'2016-12-12 10:29:29.520', N'asdasd', N'1')
GO
GO
INSERT INTO [dbo].[Posts] ([Id], [Forums_Id], [Users_Id], [Content], [CreateTime], [Title], [ClickNum]) VALUES (N'5', N'2', N'3', N'sadasdasdsaassadasdasdsaassadasdasdsaas', N'2016-12-12 10:29:38.470', N'sadas', N'1')
GO
GO
INSERT INTO [dbo].[Posts] ([Id], [Forums_Id], [Users_Id], [Content], [CreateTime], [Title], [ClickNum]) VALUES (N'6', N'2', N'3', N'sadasdasdsaassadasdasdsaassadasdasdsaas', N'2016-12-12 10:29:43.480', N'sadasdasdsaas', N'1')
GO
GO
INSERT INTO [dbo].[Posts] ([Id], [Forums_Id], [Users_Id], [Content], [CreateTime], [Title], [ClickNum]) VALUES (N'7', N'2', N'3', N'sadasdasdsaassadasdasdsaassadasdasdsaassadasdasdsaas', N'2016-12-12 10:29:47.417', N'sadasdasdsaassadasdasdsaas', N'1')
GO
GO
INSERT INTO [dbo].[Posts] ([Id], [Forums_Id], [Users_Id], [Content], [CreateTime], [Title], [ClickNum]) VALUES (N'8', N'2', N'3', N'sadasdasdsaassadasdasdsaassadasdasdsaassadasdasdsaas', N'2016-12-12 10:29:52.383', N'sadasdasdsaassadasdasdsaas', N'1')
GO
GO
INSERT INTO [dbo].[Posts] ([Id], [Forums_Id], [Users_Id], [Content], [CreateTime], [Title], [ClickNum]) VALUES (N'9', N'2', N'3', N'sadasdasdsaassadasdasdsaassadasdasdsaassadasdasdsaas', N'2016-12-12 10:29:57.200', N'sadasdasdsaassadasdasdsaassadasdasdsaas', N'1')
GO
GO
INSERT INTO [dbo].[Posts] ([Id], [Forums_Id], [Users_Id], [Content], [CreateTime], [Title], [ClickNum]) VALUES (N'10', N'2', N'3', N'sadasdasdsaassadasdasdsaassadasdasdsaassadasdasdsaassadasdasdsaassadasdasdsaassadasdasdsaas', N'2016-12-12 10:30:07.110', N'sadasdasdsaassadasdasdsaassadasdasdsaas', N'1')
GO
GO
INSERT INTO [dbo].[Posts] ([Id], [Forums_Id], [Users_Id], [Content], [CreateTime], [Title], [ClickNum]) VALUES (N'11', N'2', N'3', N'sadasdasdsaassadasdasdsaassadasdasdsaassadasdasdsaassadasdasdsaas', N'2016-12-12 10:30:10.617', N'sadasdasdsaassadasdasdsaas', N'2')
GO
GO
INSERT INTO [dbo].[Posts] ([Id], [Forums_Id], [Users_Id], [Content], [CreateTime], [Title], [ClickNum]) VALUES (N'12', N'2', N'3', N'sadasdasdsaassadasdasdsaassadasdasdsaassadasdasdsaassadasdasdsaas', N'2016-12-12 10:30:14.350', N'sadasdasdsaassadasdasdsaas', N'3')
GO
GO
INSERT INTO [dbo].[Posts] ([Id], [Forums_Id], [Users_Id], [Content], [CreateTime], [Title], [ClickNum]) VALUES (N'13', N'2', N'3', N'sadasdasdsaassadasdasdsaassadasdasdsaassadasdasdsaassadasdasdsaassadasdasdsaas', N'2016-12-12 10:30:22.537', N'sadasdasdsaassadasdasdsaassadasdasdsaas', N'2')
GO
GO
INSERT INTO [dbo].[Posts] ([Id], [Forums_Id], [Users_Id], [Content], [CreateTime], [Title], [ClickNum]) VALUES (N'14', N'2', N'3', N'sadasdasdsaassadasdasdsaassadasdasdsaassadasdasdsaas', N'2016-12-12 10:30:26.720', N'sadasdasdsaassadasdasdsaas', N'3')
GO
GO
SET IDENTITY_INSERT [dbo].[Posts] OFF
GO

-- ----------------------------
-- Table structure for Replies
-- ----------------------------
DROP TABLE [dbo].[Replies]
GO
CREATE TABLE [dbo].[Replies] (
[Id] int NOT NULL IDENTITY(1,1) ,
[Post_Id] int NOT NULL ,
[Content] nvarchar(MAX) NOT NULL ,
[ReplyTime] datetime NOT NULL ,
[Users_Id] int NOT NULL 
)


GO
DBCC CHECKIDENT(N'[dbo].[Replies]', RESEED, 7)
GO

-- ----------------------------
-- Records of Replies
-- ----------------------------
SET IDENTITY_INSERT [dbo].[Replies] ON
GO
INSERT INTO [dbo].[Replies] ([Id], [Post_Id], [Content], [ReplyTime], [Users_Id]) VALUES (N'1', N'1', N'dsafdsasad', N'2016-12-05 17:00:06.370', N'3')
GO
GO
INSERT INTO [dbo].[Replies] ([Id], [Post_Id], [Content], [ReplyTime], [Users_Id]) VALUES (N'2', N'1', N'asfdsadf', N'2016-12-05 17:00:08.923', N'3')
GO
GO
INSERT INTO [dbo].[Replies] ([Id], [Post_Id], [Content], [ReplyTime], [Users_Id]) VALUES (N'3', N'3', N'hjgjghjghjgjghj', N'2016-12-07 09:22:19.053', N'2')
GO
GO
INSERT INTO [dbo].[Replies] ([Id], [Post_Id], [Content], [ReplyTime], [Users_Id]) VALUES (N'4', N'3', N'aaa', N'2016-12-12 14:24:50.110', N'3')
GO
GO
INSERT INTO [dbo].[Replies] ([Id], [Post_Id], [Content], [ReplyTime], [Users_Id]) VALUES (N'5', N'3', N'aaa', N'2016-12-12 14:24:52.247', N'3')
GO
GO
INSERT INTO [dbo].[Replies] ([Id], [Post_Id], [Content], [ReplyTime], [Users_Id]) VALUES (N'6', N'3', N'aaa', N'2016-12-12 14:24:54.653', N'3')
GO
GO
INSERT INTO [dbo].[Replies] ([Id], [Post_Id], [Content], [ReplyTime], [Users_Id]) VALUES (N'7', N'3', N'aaaa', N'2016-12-12 16:40:34.957', N'3')
GO
GO
SET IDENTITY_INSERT [dbo].[Replies] OFF
GO

-- ----------------------------
-- Table structure for Users
-- ----------------------------
DROP TABLE [dbo].[Users]
GO
CREATE TABLE [dbo].[Users] (
[Id] int NOT NULL IDENTITY(1,1) ,
[username] nvarchar(MAX) NOT NULL ,
[userpass] nvarchar(MAX) NOT NULL ,
[regtime] datetime NOT NULL ,
[Role] int NOT NULL ,
[districtId] int NOT NULL DEFAULT ((0)) ,
[sex] int NOT NULL DEFAULT ((0)) ,
[exp] int NOT NULL DEFAULT ((0)) ,
[birthday] datetime NOT NULL DEFAULT ('1900-01-01T00:00:00.000') ,
[headportrait] nvarchar(MAX) NOT NULL DEFAULT ('default.jpg') ,
[introduce] nvarchar(MAX) NOT NULL DEFAULT ('') 
)


GO
DBCC CHECKIDENT(N'[dbo].[Users]', RESEED, 3)
GO

-- ----------------------------
-- Records of Users
-- ----------------------------
SET IDENTITY_INSERT [dbo].[Users] ON
GO
INSERT INTO [dbo].[Users] ([Id], [username], [userpass], [regtime], [Role], [districtId], [sex], [exp], [birthday], [headportrait], [introduce]) VALUES (N'2', N'admin', N'admin', N'2016-02-15 00:00:00.000', N'2', N'0', N'0', N'0', N'1900-01-01 00:00:00.000', N'default.jpg', N'')
GO
GO
INSERT INTO [dbo].[Users] ([Id], [username], [userpass], [regtime], [Role], [districtId], [sex], [exp], [birthday], [headportrait], [introduce]) VALUES (N'3', N'aaa', N'aaa', N'2016-12-05 16:59:52.123', N'0', N'0', N'0', N'0', N'1900-01-01 00:00:00.000', N'default.jpg', N'')
GO
GO
SET IDENTITY_INSERT [dbo].[Users] OFF
GO

-- ----------------------------
-- Indexes structure for table __MigrationHistory
-- ----------------------------

-- ----------------------------
-- Primary Key structure for table __MigrationHistory
-- ----------------------------
ALTER TABLE [dbo].[__MigrationHistory] ADD PRIMARY KEY ([MigrationId], [ContextKey])
GO

-- ----------------------------
-- Indexes structure for table Districts
-- ----------------------------

-- ----------------------------
-- Primary Key structure for table Districts
-- ----------------------------
ALTER TABLE [dbo].[Districts] ADD PRIMARY KEY ([id])
GO

-- ----------------------------
-- Indexes structure for table Forums
-- ----------------------------

-- ----------------------------
-- Primary Key structure for table Forums
-- ----------------------------
ALTER TABLE [dbo].[Forums] ADD PRIMARY KEY ([Id])
GO

-- ----------------------------
-- Indexes structure for table Posts
-- ----------------------------
CREATE INDEX [IX_Forums_Id] ON [dbo].[Posts]
([Forums_Id] ASC) 
GO
CREATE INDEX [IX_Users_Id] ON [dbo].[Posts]
([Users_Id] ASC) 
GO

-- ----------------------------
-- Primary Key structure for table Posts
-- ----------------------------
ALTER TABLE [dbo].[Posts] ADD PRIMARY KEY ([Id])
GO

-- ----------------------------
-- Indexes structure for table Replies
-- ----------------------------
CREATE INDEX [IX_Users_Id] ON [dbo].[Replies]
([Users_Id] ASC) 
GO

-- ----------------------------
-- Primary Key structure for table Replies
-- ----------------------------
ALTER TABLE [dbo].[Replies] ADD PRIMARY KEY ([Id])
GO

-- ----------------------------
-- Indexes structure for table Users
-- ----------------------------

-- ----------------------------
-- Primary Key structure for table Users
-- ----------------------------
ALTER TABLE [dbo].[Users] ADD PRIMARY KEY ([Id])
GO

-- ----------------------------
-- Foreign Key structure for table [dbo].[Posts]
-- ----------------------------
ALTER TABLE [dbo].[Posts] ADD FOREIGN KEY ([Forums_Id]) REFERENCES [dbo].[Forums] ([Id]) ON DELETE CASCADE ON UPDATE NO ACTION
GO
ALTER TABLE [dbo].[Posts] ADD FOREIGN KEY ([Users_Id]) REFERENCES [dbo].[Users] ([Id]) ON DELETE CASCADE ON UPDATE NO ACTION
GO

-- ----------------------------
-- Foreign Key structure for table [dbo].[Replies]
-- ----------------------------
ALTER TABLE [dbo].[Replies] ADD FOREIGN KEY ([Users_Id]) REFERENCES [dbo].[Users] ([Id]) ON DELETE CASCADE ON UPDATE NO ACTION
GO
