/*
Navicat SQL Server Data Transfer

Source Server         : sqlserver
Source Server Version : 120000
Source Host           : :1433
Source Database       : ASP.NET_xmsz
Source Schema         : dbo

Target Server Type    : SQL Server
Target Server Version : 120000
File Encoding         : 65001

Date: 2017-01-26 15:18:11
*/


-- ----------------------------
-- Table structure for __MigrationHistory
-- ----------------------------
DROP TABLE [dbo].[__MigrationHistory]
GO
CREATE TABLE [dbo].[__MigrationHistory] (
[MigrationId] nvarchar(150) NOT NULL ,
[ContextKey] nvarchar(300) NOT NULL ,
[Model] varbinary(MAX) NOT NULL ,
[ProductVersion] nvarchar(32) NOT NULL 
)


GO

-- ----------------------------
-- Records of __MigrationHistory
-- ----------------------------
INSERT INTO [dbo].[__MigrationHistory] ([MigrationId], [ContextKey], [Model], [ProductVersion]) VALUES (N'201605271138015_Initial_AutomaticMigration', N'Biz.Migrations.Configuration', 0x1F8B0800000000000400ED5C5B4FE436147EAFD4FF10E5A9AD5802EC4B8B66764587A5425D2E62D855DF90493C43D4C449130741ABFEB23EF427F52FD48E938CAF8993B982D0BE30BE9C737C6E3EB6BFEC7FFFFC3BFAF81447CE23CCF2304163F770FFC07520F2932044F3B15BE0D9BB1FDD8F1FBEFD66F429889F9CAFF5B8F7741C9989F2B1FB80717AEC79B9FF006390EFC7A19F257932C3FB7E127B2048BCA383839FBCC3430F12122EA1E538A39B02E13086E50FF27392201FA6B800D14512C028AFDA49CFB4A4EA5C8218E629F0E1D8FD39FCD3754EA21010D65318CD5C07209460808960C75F7238C55982E6D3943480E8F6398564DC0C4439AC043E5E0CB795FDE088CAEE2D26D6A4FC22C749DC93E0E1FB4A199E3C7D904ADD4659445D9F885AF1335D75A9B2B17B9664459CBB8ECCEA7812657458A9CF7D366ACF217FEF354626BE40FFED399322C24506C708163803D19E735DDC47A1FF2B7CBE4D7E87688C8A28E2A52072903EA181345D67490A33FC7C0367956CE781EB78E23C4F9ED84CE3E630B9CF117E7FE43A978439B88F6063646E8D539C64F017886006300CAE01C6304394062CD5A470977831ADDC8638823553E25C24305CE7023C7D86688E1FC62EF9D375CEC22718D42D95205F5048E2884CC259013582F2CC47DEC272ADF6BC4E72DC654D3AE6CD963A5BDE75B36C2743F24BB63C1592EE30117BDD4EA5619C41A2BD5B92796BDEA7CDEF2E5297E0319C97B6D0AAD6756E605476E70F61CA5273E9897775FF5996C43749543971D57C374D8ACCA7E2246ADF2DC8E610DB4B525AC72C48D52DC9C14CAA158375E9A4B08ED78A677BC09683DE2256E45510A52010AF3DF5EA39A720CF37CF3983733C2838253AD487FBA4A85EDBCFE7D06E0BA2E3DE9C7A35DBD0D0E44B6D6048C05C9736FBF1FD7D1331AB52DA64622334129589D7284FD9BB5442BE8169F4DCE5BEE5A037DF558DFA724B9FD2A42BAE7C8C6E5E32537C7CD1AA3838D7B5BAA2871155AA1EAED92047FFBAE724CF133F2C05E0BDA5CA3CE24A3EA1C069A903995FD4C982B80609B730250146D88EDD1F14C5E8C9D5C273E4EA3428123C74E5C8BC42A73082183A273E3BD34F40EE8340F50BA28B406C21C10C331A4D20228E9E93F41022AC467E88FC300591596C698A65BAA02235C4E59E5398424423DDAC7B1BAEDC06A6326F78487AEA52CBC8E3FCC7C2AD984BB7BA81E4DE4B3A9518101CB52AB876D2A504A137E55182DE6D982E4ED45BF327BE486A73036DC5247A16AB8DFB7997AED07A21694B23FA861C4D638B9792BE16F56FA75788B5C28A5C4DA8323A32E3C1FEFEA15C01582F96AB824C42E94AA2854455AD6EBF464D19D5B1C0EDC7912AF3064248D5BB0DD3E604B095D8E1CBD97607306EFE031DAADFF6DF236658314DCF44442D30AB167A7AAF399F1256D51135AF4E40B2CC94D41462E9626051AF4BFB89B266713E0B1665366BEE985BA945995CB55B7066C94DCB9D7575D0A80CAD10A8DAA5D99C7544319AAB136E84E66A5B8E86F6134E236BAD64259ADA8F34DC7C832D3D7141B68BADCC6358AB26F0BACAEEDE2B15038D9BAEF79C61EB14EEC4F48B3556845635A1B46C9DC35A1581EB32347701D7B27C75DFB6A851062F5DD8B33BFC66C0B2F90B1975CDA642A5AB54E1E4D42696AEDA645DEB3406B2710BEDDC44072C7565C15C5F3A35FB64D337F2183EA46A18790620C9E802A46988E61CB0A46A71A60C55327937ED8FBE88190DCFCF35208C46DA86134E323087522FBD120DE05998E5F81460700FE805E424889561A42A30EC79350361E357AD536F85F570FA379BB2808068CAC06AF819913DA60564798BACA62665A243C13B200299E6CA7A9244458CCC95AC79B680C9E0C9081D2ABD9127AD43A960150529D5BEA86E2B6318724ABB2974932C0CA19FB64E33DCC9445A8ED7665A8B1B209E94F95EC84CA9795CE009358D3DE87030098114D7BE332E66CAE6ED3EA69D65E1648679EBF1B2050480A7B168ED47893DE9CB9458AB3DA5E6899E27D434DAD3614FF43C11D6B2337ED5D46F43D2976EA2650AD34FDD9D34B62573B0AAABAF2DB4B32C0C6198B71E2B34D74A3C09E35D9399CEAAD23FF7542CC4E7A279F35E2116C7FA48ADCE37FA68AC3A6D238E56F31A332967355511560ED27293C831EE2B93F12A73B0D3B68A435C2B08CB0BCAF39C62081AFC80C54AE5E34E6FA30B273D4DD0D75D5691ADD1ACE60C3750AF6D2F7CBD8CAD3997EE94A94D0BEDB6B572C2958734E9A539E94A27DA5175BAECFE7E42396EB221AE43D6FE1806F4A8397DCE318CF7E980FDE91FD1240ACB0C5A0FB800289CC11C33B8937B747078247D91B13B5F4778791E449AD3B9FA898468B20D20B64254E7E3364C564F9893E69B05F40832FF0164DFC5E0E9FB957E87F09A54762771511E60CE51009FC6EE5FE5AC63E7FCB7BB66E29E739591B838760E9CBF97FEA4C0967B3D6F29E6121CAF8FAB6888295F1704E437EEC6D8F544D3BF0EB793F1EDCBE95EC6AC2F474DC2A15B9A51A5C3E3D04B25AE1885FE3A3C61CB0948C2F5DA32AFA699583390EE1210EDD761DBF52877F3B95D814F0FCE09EBDAEFEC1D6E1858B97E82DD2C344F7C2A1D80641D8449323E06AD05CBF762907B1DE023EE30BE3178F076FCC3F47AB03DF7782130E25D48220C9431084DFA029289E1E56137138A1D1478004A77EB46B70EDC4D9A7C17F0ABCB5B7B4DA9A182F5F447CBEEB47F981EC076D33956525F746483CDDA79639582BDA1375A2AE811DE2AE44BB6564F3037BBC327A7B2FB8498961D885601F4D6D1A53DDD643B30E03AC22B84879BE4A6BDDD2C3AD0E33AE2B42B842AE9F541CB459F6841096B7698D5034F570020173CC60C14DDD8725686131F6E29DECF5B41D5DB4682F7C7FAAF73692B407BF75F949034CC40E96D81BA8744D7F24BEA01DD561FB0C9B6CBFD378164C7CFC3F982047D9347D01736DC66CC399A25F5CE2F49540F91AE252F200601D98D4F321CCE808F49B70FF3BCFCDF29BE82A820433EC5F730384757054E0B4C960CE37B5119B47E68E35FE2D34599475769F9BF36AC620944CC905ECB5EA19F8B300A1AB9CF344F2D0612B430A96EBFA92D31BD059F3F37942E136449A8525F534FDDC2388D08B1FC0A4DC1231C221BF1D7CF700EFCE71A876026D26D0851EDA3D310CC3310E7158DC57CF293F870103F7DF81F932E960F2D530000, N'6.1.3-40302')
GO
GO
INSERT INTO [dbo].[__MigrationHistory] ([MigrationId], [ContextKey], [Model], [ProductVersion]) VALUES (N'201605271138016_Initial', N'Biz.Migrations.Configuration', 0x1F8B0800000000000400ED5B4B6FE33610BE17E87F10746A8BAC95642F6D60EF22EB6C8AA09B07E2ECA2B780916847A844A92215C42DFACB7AE84FEA5FE8502FF329C9EF3458E412919C07673E0E87E4F8DFBFFF19BE7F8E23E70967344CC8C83D1A1CBA0E267E128464367273367DF3A3FBFEDDB7DF0C3F06F1B3F3A51EF7968F034A4247EE2363E989E751FF11C7880EE2D0CF129A4CD9C04F620F0589777C78F8937774E46160E1022FC719DEE68485312E3EE0739C101FA72C47D16512E08856EDD03329B83A5728C634453E1EB91FC23F5CE7340A11889EE068EA3A88908421068A9D7CA678C2B284CC262934A0E86E9E6218374511C595C2278BE17D753F3CE6BA7B0BC29A959F5396C44B323C7A5B19C353C95732A9DB180BCCF511CCCAE67CD685C946EE7992E531751D55D4C938CAF8B0C29E8372D48103FF1F344E062CF0BF03679C472CCFF088E09C65283A706EF28728F47FC1F3BBE4374C46248F22510BD003FAA40668BAC99214676C7E8BA7956E1781EB78329DA7123664024DA9F705616F8F5DE70A84A38708374E16E6386149867FC6046788E1E006318633C279E0C24C9A7445566995BB9045B8160AE08285E13A97E8F9132633F63872E15FD7390F9F7150B7548A7C2621AC232062598E0D8A8AC287DEC273ADFEBC4928EBF2261FF3D597B2AC9D78D106A1FBEE99B6B381B096ADCF05A22C036BEDDE0AE30C83D3EE20E0D7B2CF9AEF2E5657E8299C1510309AD6756E715474D3C7302D77846201DCD7FDE75912DF2651B576AAE6FB4992673E5727D1FBEE5036C3ACBF268577EC8A54DD8A1EA54B8D6A945D262D7A87894A667B9C28067D0D14B2AC1C8C4250BC8758C125A788D2DD4BCEF08CADB438153E1CC3CB84A8DE70BEC56934EF827331E82B9C65594540F9DF6E1C854B37BC6F941994215817C2EECBEE45B05EB46AC15AE8DADC965132D5F60CA1D9A2C7F2BBC629A5891F160A8868A9364E79261F49E0B4ECA2252EEA2D0FA001CB2D4C618181D891FB83661833BB5A79815DBD8BCB0C8F5C75655E93331C61869D53BF3C888D11F551A0E3026C11C82DB09871C657138A00E814C2434898BEF243E287298AEC6A2B243DC30557A961AEF69CE11413BED2EDB6EF2355C84275E18D0CC54E5D66197A027E7AC0AA84742B0C1478AF092A794108DCAAC5F522212529BD2B444976EF2374711ED90B9E84486D4380296C2F1050E513FD016508F51DF0DC3F9E749D778027DDEE7D843659CA1EE1D41E9F8CFBEFDA805A2E441D0E0647EACE6E9964B9E1F3BC0DCC82B36AA2670F861C1A44556934ADB2345567CE6A829972EE5EE414CA56ADCD59A62F178B465D3677D05666D188ABF60EEACA491A75D5AE500B9695956F6E168411868B0715C9ED1954A36B6D206D25B4A74C02BDC50F9E3CA1BE93AD4C6B99AB61D1746DEB4BCF545E2402B9D9EBCBCF534CFCF579DA369BAEED4650D408B0AEFDA5C34E2BCFD3EA506B18EC0C842B4C75634EAD0F374DAC5BBC1D79E5E351FDC8E4595E998697284DE1402BBC3A552DCEA47C721ABF992CFF3413973C3C9F1A5E681A6D1B4970CC4733ACF4F2A37780CFC38C3238F9A207C40FBAE320D6864164B7C4BE5A8014BC75EFD421B11ECEFF2F4916EF4386ADBC1A7E0EBAC73C09286E2BF458A411162F7B284299E16A649C44794CECD9889D5A7AB011D9481D3ABFA1A7CC43CB42340369199B6CEE5ECEB0C494765798887A38C24CB61D37181C60357DBB2BEF55455A4EB2765E8BD38AC8CA7E86B1736A2EC244464DE3127C8407118995D0FE62606ADB11DA716AA4EA01540BDD7690BAB8EC17792C5A97E3545EDEAB9CCAD6FE9C9ACB789151D3D89F4F79192F32295B5E0CAECA5461595C19A97AE0CA42B71D5C35E7599185F5906BE7B3A97823DCA34B805834EF1E1572466780469DA91AFC5F77F57232CF3D4DF6E8BA6BEB858BB69B3041EE722A596F4E56866AAB3200A8202CEE432E287F56699E54FA4C544DCD755F6B19BA3AA4415A93A92B19F9B0CA8EBB8BC3B474B91CE23A30F7A730E0A9F2644E198E077CC060F27B348EC26231D5032E1109A798B2F259D03D3E3C3A56CACD5E4EE997476910194E177AFD97ECB21DBC6C86DCA69D6F972B55D348A53CE40965FE23CABE8BD1F3F71B2DB27A1D265BD95836EBDF2B0A6BF7891724C0CF23F7CF82EAC4B9F8F5BE213C70AE33586227CEA1F3D7DA35507DA5D7746B09575EC0D733A45E0E15C037EB7ED65EB2FCE77520582DC859CFF66A91CD7ADC94C2999E6ED4F98885338511375936F33A60A014B2F45DFD15D9CB59FC5A49CBCAA0D956402C2B75B6574052BF4FECB6CA437E5458A1BA60A53758EBC5E9561EF25F4B318870F0DB59C9C67EF061BB25DB1F3C5E7E69472FFF6C091BD5F3D6F22FFF2B5704EDAC68E395146AF48C1D7A2DC51EFDBCB328D0DFD13B0D03E66A15FDE9D372ADDCB730A5BC0B828CEB2101D796C9CE268A564C7C794F37DB8E7A1613E38D94BA9818F3AE10EBACB75707233BACA576C510FE375F1DB1816A17C99DF66A869D4C6703452DBD543385CDAE7A907DD5AEACE29FF5A7B444858A7ECF0D5155F8A93404741ACE162CF8D53DC1BE144F9B3117649AD4815DD1A81EA29C282F3143701C45A7190BA7C867D0ED634A8B1F7B7C41510E433EC60F38B820D7394B730653C6F1836C0CBE3DB4C92FCA70649D87D769F123884D4C01D40CF989FA9A7CC8C32868F43E375CA35858F07DA7BAB8E0BE64FC0263366F385D25A427A3CA7CCD767987E3340266F49A4CD0135E4537C0EB273C43FEBC7EAEB033E976846CF6E1598866198A69C563410F9F80E1207E7EF71F5364FACD31400000, N'6.1.3-40302')
GO
GO
INSERT INTO [dbo].[__MigrationHistory] ([MigrationId], [ContextKey], [Model], [ProductVersion]) VALUES (N'201606020211134_Initial1', N'Biz.Migrations.Configuration', 0x1F8B0800000000000400ED5BD96EE336147D2FD07F10F4D4169928C9BCB4813D838C931441270BE2CCA06F0123D18E508A52452AB05BF4CBFAD04FEA2FF4523B374B5EE278D2C1BCC424EFC27B0F2F97A3F9F7EF7F06EF6711719E70CAC2980EDDC3FD03D7C1D48F83904E876EC6276F7E74DFBFFBF69BC15910CD9CCFD5B8B7621C485236741F394F8E3D8FF98F38426C3F0AFD3466F184EFFB71E4A120F68E0E0E7EF20E0F3D0C2A5CD0E53883DB8CF230C2F90FF8398AA98F139E2172190798B0B21D7AC6B956E70A459825C8C743F743F887EB9C901081E9312613D74194C61C7170ECF813C3639EC6743A4EA00191BB798261DC0411864B878F9BE17D7D3F3812BE7B8D60A5CACF188FA325151EBE2D83E1A9E22B85D4AD8305E13A83B0F2B998751EB2A17B1EA759C45C4735753C22A91896C773BF18B5E7C0DF7B7592010BE2DF9E33CA08CF523CA438E329227BCE4DF64042FF173CBF8B7FC374483342DA5E801FD0273540D34D1A2738E5F35B3C297DBB085CC793E53C55B0166BC9147E5F50FEF6C875AEC0387A20B84E726B8E631EA7F8674C718A380E6E10E738A54207CEC3A459576C1551B90B39C1955100172C0CD7B944B38F984EF9E3D0853F5DE73C9CE1A06A291DF94443584720C4D30C1B1C558C5FA1A7709AFBADB8711333EE3AB798E49DEC314C0AE0EF8B8EFB2AC1E7691CDDC6A41C5F36DFDFA1748A41FA2ED6FBC67196FA8A1F03AF41D0425C154E2D469518F31553B2AD6DA1C908E5FBEE992E5603E5355D5F0B547B0ED1DA7E14462986A4DDC1C653D93EAD7FAFBC3CAB05B8DA02AD16A16981568BB7AF277976EC8E94DD8A1F454A8D6E145D262F7A9789D2E6E23A910FFA5A28645B190485A2E8056A85B09C20C6B66F39C553BED2E254F4080C2F53A27AC3F9162764DE05E77CD05738EB8798FFFBF6930363C3BB8FBDE6E7D6F4A2DF6AD6AA7EBB6F99B27FC258EC87B903ED74973B9F3C93331A380BB6C12225D59E055981F51226B042C0ECD0FD410B8C595D7DEC6DD455DBB0ACF0D05597D6353DC50473EC9CF8C58D6E84988F023D25108B406E81D58853B11C10018C3158DF21E5FAD20DA91F2688D8DD56447AAE77E152AD5CED39C509A662A9DA63DFC76AEB18A91BAF6D2871EA0ACBC06BE1A707AC0A482F848102EF3541252F8896B67271ED24A424A7B7852829EE7D8C3615FD45F0D4AE913608180B668381F248D01F52A622BBFB983278BD05501962BF73A82AB64471A800099C962E9C3E188E89E057795264E5114205895035C65CB95A36BBAEB299692093E58B6AA74917CD1DB2250E35E1B2BD43BA5C159A74D9AE48B7222B3B5F5F9E5B230C776B35C98BCF18B5AF558034902C3E54B4E42D79F0E409F59D6C195ACB5C0D55AA6BE35B7AA672556A899BB3BEFC3CA543A93E516B3DEEACC82D5F8D18EB2CC16B4CB63A16D735A0A12FBC82BFA8780ECF42740C2E5192C02DA4457C942DCEB8603D466FC6CBB30351A1C3F3998124A8BDAD2DC10D0F4DB1D22BEE4B013E0F53C6E1BA821E90B89D8C82481B0615CF52132A035251D3B353958A6AB8F8BB1069280A43F92F879F83EF91D839F28BAABE4635C19C5C4204A5865BF128265944ED5B985D5AE20CDA6AA40E5DDFC053E6A16D5C5A80B47D5E0E77AF64E46561D95498847A24C22CF63C693024C01AFAC5A9BC571D597007B2EB6A4E246D55F6738A5D53FD7AD15654372EA1A7F5162EA96AB5EF0C4C6D3BC2629C1AA57A00D522F73C486DDE79DB3A9AD6E53415EFB6AAA6A2B5BFA6FA1DB6ADA86EECAFA778876D2B295A760657C55161595C19A57AE0CA22F73CB8AA1F5CDB2AEAC62FB972B59E51256835CD5BC69776FE5387D4D6EB73A072DE1B9467AFEEAF5FB4C35831C47520484F61200E62E339E338DA1703F6C7BF931109F30057032E110D2798F1826F708F0E0E8F94EF6976E7DB168FB18018CEAEFA072E5BA74C4211D34E5264259A5EFA46803EA1D47F44E977119A7DBF291E4B3F8A7DB1215B3958B6E8DF2B0E6BAF381734C0B3A1FB672E75EC5CFC7A5F0BEE39D7292CB163E7C0F96B6D76ABAFF54A6E2DE30A29B65E20F5EF2C02F8CDBB99AE25BF2B781D085699FEF562AFB2F7EB695318F99E69D4F5B419F93C889BE4E35F070C1486BC3B4AAFB9826854F99A05643586BA7ADEDD2E8D2CBFC9AE405FAE44F058DFD79E85297C2D6C73F954BC55FEEE65F0617B4C7939787C01DCF1CBC2A324429627AB771B20B6E7979DE48175F2C4F230D597F22DEEFBB0213EC490DA6223DC041D6CD22B7ABAD57630C526C51B21914D8A45578875D5CFC730CB095BC00A1B2A77073FFB323CB2944E3B1FBA95E96C842E5E654212F4ECACF2664861FDF10FCA50EB3FC8410564E1B45121FEBB1CC5BE5480EA31177412579550F1A81AA29CB52F314770BC4627290F27C8E7D0ED63C6F28F623F2392C190B3E8010717F43AE349C661CA387A908321EAE922FB39F32DFB3CB84EF22F5637310570331437846BFA210B4950FB7D6EB821585488425DDEE6442EB9B8D54DE7B5A6AB98F6545486AFDE5FEE70941050C6AEE9183DE1557C03BC7EC453E4CFAB375CBB92EE44C8611F9C86689AA288953A1A79F809180EA2D9BBFF0012BA2147273A0000, N'6.1.3-40302')
GO
GO
INSERT INTO [dbo].[__MigrationHistory] ([MigrationId], [ContextKey], [Model], [ProductVersion]) VALUES (N'201612050847495_AutomaticMigration', N'Biz.Migrations.Configuration', 0x1F8B0800000000000400ED5B4B6FE33610BE17E87F10746A8BAC95642F6D60EF22EB2445D0CD03B177D15BC0486347A844A92215C42DFACB7AE84FEA5FE8506F3E64C976E278D3452E16C97970E6E370C861FEFDFB9FE1FBC730B01E20617E4447F6C160DFB680BA91E7D3F9C84EF9ECCD8FF6FB77DF7E333CF5C247EB7339EEAD188794948DEC7BCEE323C761EE3D84840D42DF4D2216CDF8C08D4287789173B8BFFF937370E000B2B09197650D6F52CAFD10B20FFC1C47D48598A724B8883C0858D18E3D938CAB75494260317161647FF0FFB0ADE3C027287A02C1CCB608A511271C153BFAC460C29388CE2731369060BA8801C7CD48C0A050F8A81EDE57F7FD43A1BB531396ACDC94F1285C91E1C1DBC2188E4ABE9649EDCA5868AE53342B5F885967261BD967519286CCB6545147E32011C3327B0EF2517B16FEDEAB9C8C58107F7BD6380D789AC08842CA1312EC59D7E95DE0BBBFC0621AFD067444D320686A817A609FD4804DD7491443C21737302B743BF76CCB91E91C95B0226BD0E47A9F53FEF6D0B62E5138B90BA07272638E131E25F03350480807EF9A700E09153C203393265D91955B65EAF3004AA1082E5C18B675411E3F029DF3FB918D3F6DEBCC7F04AF6C2914F9447D5C4748C493140C8A2AC22FC9833FCFF456D4B88E18B7AD1B08B24E76EFC739F007A2E3B674F05912853751508C2F9A6FA7249903524F23BD6F12A589ABE831746A042DC555AED4725489315F3125CBDA169A8C50BEED9EE97236185E93CDB960B4E768ADED5B618C08FBED320D37543F0174FD14B7AF92CF49F5BDF6222F97F17ACBBC5CCAA6655E8680BE9A643E6E57A4E856F4C881615423EF3269D13BD8143297479B6CD0D77023CB4AD12894842F107184E49830B67DC909CCF95A8B53E12330BC4AA4E80DE71B888345179CB3415FE1ACA742FFF74D2C03C613EF3EED313F93A607FD46B316F59B7DAB84FD63C622D7CF1468BABBD8F9E4999C52CF5AB20DE62E29F72CF40AAE173FC615826247F60F9A61CCECAAE4B966576EC332C3035B5D5A57F40402E0601DBBF9B9704C984B3CDD25680B4F6EC1D50889580E24408C315CDF3EE5FAD2F5A9EBC72468575B21E9B9DE854A1573B5E70462A062A9B6DBBE8FD44632AA0BAF642876EA32CBD069E0A707AC72482F858102EF0D41252F8806B76271ED24A424A5B78528C9EE7D84D611FD45F0D48C916D103006CC1A03454AD01F52A620BBFB983268BD0550196CBF73A8CAB7449154200524850A2777863411F52A324556A4102A4804AB0970E56859EFBACA66A6814CA6CFA39D469D3777D01638D4888BF60EEA625568D445BB42DDB0ACAC7C75786E8C309CAD55272FCF312A5D4B036920599E5434E85BFCE0C813EA3BD9C2B42D733544A9AE8D6FE599CA51A9416EF6FAEAF39492527DA2ADF1B8332237743562AC33046F30D9322DAE62405D0471F22A48592D715ACA25C30B12C7780A69944F8A166B92D74EC66F26ABD718C29C87E33243A9A1D2B69284273C3207A5579C973C38F313C6F1B842EE88389D8CBD501B8611AF25269402A4A0A67BA70C15E570F13B27A90B1D86F05F0C3F43DD43B1736407557D8D6A8459898A0424319C8AC7519086B47D0B6BA7962A0F4D365287CE6FE828F3D0362ECD40DA3E2F9BBB9733B2B0B0AA2B4C443D1C61267B1E37181CD06AFAE5AEBC55155972066AE75567244D56ED794A3BA7EAF6A2C9A86A5C814F75A32E31AA5A57E0D4B855977835DA7706F06D7BCB72C41BA97A40BE85EE79305FDF183779D4ADAB71CA6F80554E796B7F4ED58D6E9351D5D89F4F7EA3DB6492B7EC0CAEF2A463555C19A97AE0AA85EE7970555DDD3659548D5F720C6C5CC84AD0AA9BB78C2F2D93548754D2AB8C52C91C874516D7FD1A474BEBF221B685467AF03D91D24D168C433810030693DF03DC1C320397032E08F567C0785EB9B00FF70F0E95F73DBBF3D6C661CC0B0C59B0FEE066EBC5175FD8B4B3BCB2D6B301E9CD027D20897B4F92EF42F2F8FD5355C4F4A4EE8B35D9DAC66AB3FEADA2B0761F744E3D781CD97F665447D6F9AFB715E19E7595E0123BB2F6ADBF36AE93F5955ED26D245C29AF6D6648F5DD4736938D5F7D78F8CDBBEB6E2BBE72781DAB407D77B099FFD4B7049B7153DE07F474A3CEA7F93EA01B512BBE0E781D3050EAF5EBACBBD71385B4C2FD860164BD7A7979D9BCDDA2B67C43BC463175AD7253EB6DDFB3D42D5F4BEDBBB8B8DE6A35F165F0D17621F372F0F8022AD92F0B8FA22CB37AE97CB701D27685B3935569BD94D372B9D5B7009DDF19E0867817A16BF38DF0298AD326BEA2A79B6D47DDDAC4F8494ADA26C6A2CB079DF5F3D5BB65872DA9511B227747B5F865AADA923BDBABB35B99CE9314AFD7999004BDF61AF7D394A8F50B440C438D7FFAC308C8FC79CD42FC0B2005570A40D598733A8BCA48A868540E5172ED0BE004D36B729C707F465C8EDD2E30963DD1FD4C8214879C8677E09DD3AB94C729C7294378271B43C4D365F2B33ABCACF3F02ACEDECF3EC514504D5F9C10AEE887D40FBC4AEF33C309A1858508D4C5694EF8928B53DD7C5171BA8C684F4685F9AAFD650A611C2033764527E401D6D10DF1FA11E6C45D94F7C0ED4CBA1D219B7D78E29379424256F0A8E9F11331EC858FEFFE03C4508B13FB3A0000, N'6.1.3-40302')
GO
GO

-- ----------------------------
-- Table structure for Forums
-- ----------------------------
DROP TABLE [dbo].[Forums]
GO
CREATE TABLE [dbo].[Forums] (
[Id] int NOT NULL IDENTITY(1,1) ,
[ForumsTitle] nvarchar(MAX) NOT NULL 
)


GO
DBCC CHECKIDENT(N'[dbo].[Forums]', RESEED, 2)
GO

-- ----------------------------
-- Records of Forums
-- ----------------------------
SET IDENTITY_INSERT [dbo].[Forums] ON
GO
INSERT INTO [dbo].[Forums] ([Id], [ForumsTitle]) VALUES (N'1', N'fdfd')
GO
GO
INSERT INTO [dbo].[Forums] ([Id], [ForumsTitle]) VALUES (N'2', N'fasfdsa')
GO
GO
SET IDENTITY_INSERT [dbo].[Forums] OFF
GO

-- ----------------------------
-- Table structure for Posts
-- ----------------------------
DROP TABLE [dbo].[Posts]
GO
CREATE TABLE [dbo].[Posts] (
[Id] int NOT NULL IDENTITY(1,1) ,
[Forums_Id] int NOT NULL ,
[Users_Id] int NOT NULL ,
[Content] nvarchar(MAX) NOT NULL ,
[CreateTime] datetime NOT NULL ,
[Title] nvarchar(MAX) NOT NULL DEFAULT '' ,
[ClickNum] int NOT NULL DEFAULT ((0)) 
)


GO
DBCC CHECKIDENT(N'[dbo].[Posts]', RESEED, 14)
GO

-- ----------------------------
-- Records of Posts
-- ----------------------------
SET IDENTITY_INSERT [dbo].[Posts] ON
GO
INSERT INTO [dbo].[Posts] ([Id], [Forums_Id], [Users_Id], [Content], [CreateTime], [Title], [ClickNum]) VALUES (N'1', N'2', N'3', N'asdasdsadasd', N'2016-12-05 17:00:01.290', N'adadsasd', N'4')
GO
GO
INSERT INTO [dbo].[Posts] ([Id], [Forums_Id], [Users_Id], [Content], [CreateTime], [Title], [ClickNum]) VALUES (N'2', N'1', N'3', N'afdsafdsasfdasfd', N'2016-12-05 17:00:18.690', N'fadsfads', N'2')
GO
GO
INSERT INTO [dbo].[Posts] ([Id], [Forums_Id], [Users_Id], [Content], [CreateTime], [Title], [ClickNum]) VALUES (N'3', N'1', N'2', N'dffffffffffffffffffffffffffff', N'2016-12-07 09:22:13.157', N'dfssssssssssssss', N'14')
GO
GO
INSERT INTO [dbo].[Posts] ([Id], [Forums_Id], [Users_Id], [Content], [CreateTime], [Title], [ClickNum]) VALUES (N'4', N'2', N'3', N'asdsadasdsadsda', N'2016-12-12 10:29:29.520', N'asdasd', N'1')
GO
GO
INSERT INTO [dbo].[Posts] ([Id], [Forums_Id], [Users_Id], [Content], [CreateTime], [Title], [ClickNum]) VALUES (N'5', N'2', N'3', N'sadasdasdsaassadasdasdsaassadasdasdsaas', N'2016-12-12 10:29:38.470', N'sadas', N'1')
GO
GO
INSERT INTO [dbo].[Posts] ([Id], [Forums_Id], [Users_Id], [Content], [CreateTime], [Title], [ClickNum]) VALUES (N'6', N'2', N'3', N'sadasdasdsaassadasdasdsaassadasdasdsaas', N'2016-12-12 10:29:43.480', N'sadasdasdsaas', N'1')
GO
GO
INSERT INTO [dbo].[Posts] ([Id], [Forums_Id], [Users_Id], [Content], [CreateTime], [Title], [ClickNum]) VALUES (N'7', N'2', N'3', N'sadasdasdsaassadasdasdsaassadasdasdsaassadasdasdsaas', N'2016-12-12 10:29:47.417', N'sadasdasdsaassadasdasdsaas', N'1')
GO
GO
INSERT INTO [dbo].[Posts] ([Id], [Forums_Id], [Users_Id], [Content], [CreateTime], [Title], [ClickNum]) VALUES (N'8', N'2', N'3', N'sadasdasdsaassadasdasdsaassadasdasdsaassadasdasdsaas', N'2016-12-12 10:29:52.383', N'sadasdasdsaassadasdasdsaas', N'1')
GO
GO
INSERT INTO [dbo].[Posts] ([Id], [Forums_Id], [Users_Id], [Content], [CreateTime], [Title], [ClickNum]) VALUES (N'9', N'2', N'3', N'sadasdasdsaassadasdasdsaassadasdasdsaassadasdasdsaas', N'2016-12-12 10:29:57.200', N'sadasdasdsaassadasdasdsaassadasdasdsaas', N'1')
GO
GO
INSERT INTO [dbo].[Posts] ([Id], [Forums_Id], [Users_Id], [Content], [CreateTime], [Title], [ClickNum]) VALUES (N'10', N'2', N'3', N'sadasdasdsaassadasdasdsaassadasdasdsaassadasdasdsaassadasdasdsaassadasdasdsaassadasdasdsaas', N'2016-12-12 10:30:07.110', N'sadasdasdsaassadasdasdsaassadasdasdsaas', N'1')
GO
GO
INSERT INTO [dbo].[Posts] ([Id], [Forums_Id], [Users_Id], [Content], [CreateTime], [Title], [ClickNum]) VALUES (N'11', N'2', N'3', N'sadasdasdsaassadasdasdsaassadasdasdsaassadasdasdsaassadasdasdsaas', N'2016-12-12 10:30:10.617', N'sadasdasdsaassadasdasdsaas', N'1')
GO
GO
INSERT INTO [dbo].[Posts] ([Id], [Forums_Id], [Users_Id], [Content], [CreateTime], [Title], [ClickNum]) VALUES (N'12', N'2', N'3', N'sadasdasdsaassadasdasdsaassadasdasdsaassadasdasdsaassadasdasdsaas', N'2016-12-12 10:30:14.350', N'sadasdasdsaassadasdasdsaas', N'2')
GO
GO
INSERT INTO [dbo].[Posts] ([Id], [Forums_Id], [Users_Id], [Content], [CreateTime], [Title], [ClickNum]) VALUES (N'13', N'2', N'3', N'sadasdasdsaassadasdasdsaassadasdasdsaassadasdasdsaassadasdasdsaassadasdasdsaas', N'2016-12-12 10:30:22.537', N'sadasdasdsaassadasdasdsaassadasdasdsaas', N'1')
GO
GO
INSERT INTO [dbo].[Posts] ([Id], [Forums_Id], [Users_Id], [Content], [CreateTime], [Title], [ClickNum]) VALUES (N'14', N'2', N'3', N'sadasdasdsaassadasdasdsaassadasdasdsaassadasdasdsaas', N'2016-12-12 10:30:26.720', N'sadasdasdsaassadasdasdsaas', N'1')
GO
GO
SET IDENTITY_INSERT [dbo].[Posts] OFF
GO

-- ----------------------------
-- Table structure for Replies
-- ----------------------------
DROP TABLE [dbo].[Replies]
GO
CREATE TABLE [dbo].[Replies] (
[Id] int NOT NULL IDENTITY(1,1) ,
[Post_Id] int NOT NULL ,
[Content] nvarchar(MAX) NOT NULL ,
[ReplyTime] datetime NOT NULL ,
[Users_Id] int NOT NULL 
)


GO
DBCC CHECKIDENT(N'[dbo].[Replies]', RESEED, 7)
GO

-- ----------------------------
-- Records of Replies
-- ----------------------------
SET IDENTITY_INSERT [dbo].[Replies] ON
GO
INSERT INTO [dbo].[Replies] ([Id], [Post_Id], [Content], [ReplyTime], [Users_Id]) VALUES (N'1', N'1', N'dsafdsasad', N'2016-12-05 17:00:06.370', N'3')
GO
GO
INSERT INTO [dbo].[Replies] ([Id], [Post_Id], [Content], [ReplyTime], [Users_Id]) VALUES (N'2', N'1', N'asfdsadf', N'2016-12-05 17:00:08.923', N'3')
GO
GO
INSERT INTO [dbo].[Replies] ([Id], [Post_Id], [Content], [ReplyTime], [Users_Id]) VALUES (N'3', N'3', N'hjgjghjghjgjghj', N'2016-12-07 09:22:19.053', N'2')
GO
GO
INSERT INTO [dbo].[Replies] ([Id], [Post_Id], [Content], [ReplyTime], [Users_Id]) VALUES (N'4', N'3', N'aaa', N'2016-12-12 14:24:50.110', N'3')
GO
GO
INSERT INTO [dbo].[Replies] ([Id], [Post_Id], [Content], [ReplyTime], [Users_Id]) VALUES (N'5', N'3', N'aaa', N'2016-12-12 14:24:52.247', N'3')
GO
GO
INSERT INTO [dbo].[Replies] ([Id], [Post_Id], [Content], [ReplyTime], [Users_Id]) VALUES (N'6', N'3', N'aaa', N'2016-12-12 14:24:54.653', N'3')
GO
GO
INSERT INTO [dbo].[Replies] ([Id], [Post_Id], [Content], [ReplyTime], [Users_Id]) VALUES (N'7', N'3', N'aaaa', N'2016-12-12 16:40:34.957', N'3')
GO
GO
SET IDENTITY_INSERT [dbo].[Replies] OFF
GO

-- ----------------------------
-- Table structure for Users
-- ----------------------------
DROP TABLE [dbo].[Users]
GO
CREATE TABLE [dbo].[Users] (
[Id] int NOT NULL IDENTITY(1,1) ,
[username] nvarchar(MAX) NOT NULL ,
[userpass] nvarchar(MAX) NOT NULL ,
[regtime] datetime NOT NULL ,
[Role] int NOT NULL 
)


GO
DBCC CHECKIDENT(N'[dbo].[Users]', RESEED, 3)
GO

-- ----------------------------
-- Records of Users
-- ----------------------------
SET IDENTITY_INSERT [dbo].[Users] ON
GO
INSERT INTO [dbo].[Users] ([Id], [username], [userpass], [regtime], [Role]) VALUES (N'2', N'admin', N'admin', N'2016-02-15 00:00:00.000', N'2')
GO
GO
INSERT INTO [dbo].[Users] ([Id], [username], [userpass], [regtime], [Role]) VALUES (N'3', N'aaa', N'aaa', N'2016-12-05 16:59:52.123', N'0')
GO
GO
SET IDENTITY_INSERT [dbo].[Users] OFF
GO

-- ----------------------------
-- Indexes structure for table __MigrationHistory
-- ----------------------------

-- ----------------------------
-- Primary Key structure for table __MigrationHistory
-- ----------------------------
ALTER TABLE [dbo].[__MigrationHistory] ADD PRIMARY KEY ([MigrationId], [ContextKey])
GO

-- ----------------------------
-- Indexes structure for table Forums
-- ----------------------------

-- ----------------------------
-- Primary Key structure for table Forums
-- ----------------------------
ALTER TABLE [dbo].[Forums] ADD PRIMARY KEY ([Id])
GO

-- ----------------------------
-- Indexes structure for table Posts
-- ----------------------------
CREATE INDEX [IX_Forums_Id] ON [dbo].[Posts]
([Forums_Id] ASC) 
GO
CREATE INDEX [IX_Users_Id] ON [dbo].[Posts]
([Users_Id] ASC) 
GO

-- ----------------------------
-- Primary Key structure for table Posts
-- ----------------------------
ALTER TABLE [dbo].[Posts] ADD PRIMARY KEY ([Id])
GO

-- ----------------------------
-- Indexes structure for table Replies
-- ----------------------------
CREATE INDEX [IX_Users_Id] ON [dbo].[Replies]
([Users_Id] ASC) 
GO

-- ----------------------------
-- Primary Key structure for table Replies
-- ----------------------------
ALTER TABLE [dbo].[Replies] ADD PRIMARY KEY ([Id])
GO

-- ----------------------------
-- Indexes structure for table Users
-- ----------------------------

-- ----------------------------
-- Primary Key structure for table Users
-- ----------------------------
ALTER TABLE [dbo].[Users] ADD PRIMARY KEY ([Id])
GO

-- ----------------------------
-- Foreign Key structure for table [dbo].[Posts]
-- ----------------------------
ALTER TABLE [dbo].[Posts] ADD FOREIGN KEY ([Forums_Id]) REFERENCES [dbo].[Forums] ([Id]) ON DELETE CASCADE ON UPDATE NO ACTION
GO
ALTER TABLE [dbo].[Posts] ADD FOREIGN KEY ([Users_Id]) REFERENCES [dbo].[Users] ([Id]) ON DELETE CASCADE ON UPDATE NO ACTION
GO

-- ----------------------------
-- Foreign Key structure for table [dbo].[Replies]
-- ----------------------------
ALTER TABLE [dbo].[Replies] ADD FOREIGN KEY ([Users_Id]) REFERENCES [dbo].[Users] ([Id]) ON DELETE CASCADE ON UPDATE NO ACTION
GO
